;OpenOBJs Object v1.00							
;This Object's License is GNU GPL Version 2 or later							
;Copyright(C) 2014 Midnight Express Ginga81(ginga81)							
CreateMeshBuilder							
;煙室扉							
;ボイラー直径	1760	mm	線路からの高さ	1550	mm		
;煙室扉	30	mm見栄えのために拡大					
;ここの開始位置はすべての開始位置の基準となる。				基準開始位置:	-0.45	m	
;ボイラー長さ	9560	mm先端	9110	mm。開始位置:	-450	mm	
CreateMeshBuilder							
Addvertex,	0.895	,	1.55	,	9.11		
Addvertex,	0.895	,	3.31	,	9.11		
Addvertex,	-0.895	,	3.31	,	9.11		
Addvertex,	-0.895	,	1.55	,	9.11		
AddFace2,0,1,2,3							
GenerateNormals							
LoadTexture ,boiler&cab\ensitu-tobira.png							
SetTextureCoordinates,	0	,	0	,	1		
SetTextureCoordinates,	1	,	0	,	0		
SetTextureCoordinates,	2	,	1	,	0		
SetTextureCoordinates,	3	,	1	,	1		

;開始位置:	-0.45	半径	0.88	m	高さ	0.88	m
;開始高さ:	2.43	下の半径	0.88	m			
CreateMeshBuilder							
Addvertex,	-0.7209	,	1.9253	,	-0.4500		
Addvertex,	-0.8500	,	2.2022	,	-0.4500		
Addvertex,	-0.8800	,	2.4300	,	-0.4500		
Addvertex,	-0.8500	,	2.6578	,	-0.4500		
Addvertex,	-0.7621	,	2.8700	,	-0.4500		
Addvertex,	-0.6223	,	3.0523	,	-0.4500		
Addvertex,	-0.4400	,	3.1921	,	-0.4500		
Addvertex,	-0.2278	,	3.2800	,	-0.4500		
Addvertex,	0.0000	,	3.3100	,	-0.4500		
Addvertex,	0.2278	,	3.2800	,	-0.4500		
Addvertex,	0.4400	,	3.1921	,	-0.4500		
Addvertex,	0.6223	,	3.0523	,	-0.4500		
Addvertex,	0.7621	,	2.8700	,	-0.4500		
Addvertex,	0.8500	,	2.6578	,	-0.4500		
Addvertex,	0.8800	,	2.4300	,	-0.4500		
Addvertex,	0.8500	,	2.2022	,	-0.4500		
Addvertex,	0.7209	,	1.9253	,	-0.4500		
Addvertex,	-0.7209	,	1.9253	,	9.1100		
Addvertex,	-0.8500	,	2.2022	,	9.1100		
Addvertex,	-0.8800	,	2.4300	,	9.1100		
Addvertex,	-0.8500	,	2.6578	,	9.1100		
Addvertex,	-0.7621	,	2.8700	,	9.1100		
Addvertex,	-0.6223	,	3.0523	,	9.1100		
Addvertex,	-0.4400	,	3.1921	,	9.1100		
Addvertex,	-0.2278	,	3.2800	,	9.1100		
Addvertex,	0.0000	,	3.3100	,	9.1100		
Addvertex,	0.2278	,	3.2800	,	9.1100		
Addvertex,	0.4400	,	3.1921	,	9.1100		
Addvertex,	0.6223	,	3.0523	,	9.1100		
Addvertex,	0.7621	,	2.8700	,	9.1100		
Addvertex,	0.8500	,	2.6578	,	9.1100		
Addvertex,	0.8800	,	2.4300	,	9.1100		
Addvertex,	0.8500	,	2.2022	,	9.1100		
Addvertex,	0.7209	,	1.9253	,	9.1100		
AddFace,	0	,	17	,	18	,	1
AddFace,	1	,	18	,	19	,	2
AddFace,	2	,	19	,	20	,	3
AddFace,	3	,	20	,	21	,	4
AddFace,	4	,	21	,	22	,	5
AddFace,	5	,	22	,	23	,	6
AddFace,	6	,	23	,	24	,	7
AddFace,	7	,	24	,	25	,	8
AddFace,	8	,	25	,	26	,	9
AddFace,	9	,	26	,	27	,	10
AddFace,	10	,	27	,	28	,	11
AddFace,	11	,	28	,	29	,	12
AddFace,	12	,	29	,	30	,	13
AddFace,	13	,	30	,	31	,	14
AddFace,	14	,	31	,	32	,	15
AddFace,	15	,	32	,	33	,	16
GenerateNormals							
LoadTexture ,boiler&cab/boiler.png							
SetTextureCoordinates,	0	,	0	,	1		
SetTextureCoordinates,	1	,	0.0625	,	1		
SetTextureCoordinates,	2	,	0.125	,	1		
SetTextureCoordinates,	3	,	0.1875	,	1		
SetTextureCoordinates,	4	,	0.25	,	1		
SetTextureCoordinates,	5	,	0.3125	,	1		
SetTextureCoordinates,	6	,	0.375	,	1		
SetTextureCoordinates,	7	,	0.4375	,	1		
SetTextureCoordinates,	8	,	0.5	,	1		
SetTextureCoordinates,	9	,	0.5625	,	1		
SetTextureCoordinates,	10	,	0.625	,	1		
SetTextureCoordinates,	11	,	0.6875	,	1		
SetTextureCoordinates,	12	,	0.75	,	1		
SetTextureCoordinates,	13	,	0.8125	,	1		
SetTextureCoordinates,	14	,	0.875	,	1		
SetTextureCoordinates,	15	,	0.9375	,	1		
SetTextureCoordinates,	16	,	1	,	1		
SetTextureCoordinates,	17	,	0	,	0		
SetTextureCoordinates,	18	,	0.0625	,	0		
SetTextureCoordinates,	19	,	0.125	,	0		
SetTextureCoordinates,	20	,	0.1875	,	0		
SetTextureCoordinates,	21	,	0.25	,	0		
SetTextureCoordinates,	22	,	0.3125	,	0		
SetTextureCoordinates,	23	,	0.375	,	0		
SetTextureCoordinates,	24	,	0.4375	,	0		
SetTextureCoordinates,	25	,	0.5	,	0		
SetTextureCoordinates,	26	,	0.5625	,	0		
SetTextureCoordinates,	27	,	0.625	,	0		
SetTextureCoordinates,	28	,	0.6875	,	0		
SetTextureCoordinates,	29	,	0.75	,	0		
SetTextureCoordinates,	30	,	0.8125	,	0		
SetTextureCoordinates,	31	,	0.875	,	0		
SetTextureCoordinates,	32	,	0.9375	,	0		
SetTextureCoordinates,	33	,	1	,	0		
;開始位置:	-0.45	半径	0.88	m	高さ	0.88	m
;開始高さ:	2.43	下の半径	0.88	m			
CreateMeshBuilder							
Addvertex,	0.7209	,	1.9253	,	-0.4500		
Addvertex,	0.4793	,	1.6920	,	-0.4500		
Addvertex,	0.1679	,	1.5662	,	-0.4500		
Addvertex,	-0.1679	,	1.5662	,	-0.4500		
Addvertex,	-0.4793	,	1.6920	,	-0.4500		
Addvertex,	-0.7209	,	1.9253	,	-0.4500		
Addvertex,	0.7209	,	1.9253	,	9.1100		
Addvertex,	0.4793	,	1.6920	,	9.1100		
Addvertex,	0.1679	,	1.5662	,	9.1100		
Addvertex,	-0.1679	,	1.5662	,	9.1100		
Addvertex,	-0.4793	,	1.6920	,	9.1100		
Addvertex,	-0.7209	,	1.9253	,	9.1100		
AddFace,	0	,	6	,	7	,	1
AddFace,	1	,	7	,	8	,	2
AddFace,	2	,	8	,	9	,	3
AddFace,	3	,	9	,	10	,	4
AddFace,	4	,	10	,	11	,	5
GenerateNormals							
LoadTexture ,boiler&cab/hisasi-top-dark.png							
SetTextureCoordinates,	0	,	0	,	1		
SetTextureCoordinates,	1	,	0.2	,	1		
SetTextureCoordinates,	2	,	0.4	,	1		
SetTextureCoordinates,	3	,	0.6	,	1		
SetTextureCoordinates,	4	,	0.8	,	1		
SetTextureCoordinates,	5	,	1	,	1		
SetTextureCoordinates,	6	,	0	,	0		
SetTextureCoordinates,	7	,	0.2	,	0		
SetTextureCoordinates,	8	,	0.4	,	0		
SetTextureCoordinates,	9	,	0.6	,	0		
SetTextureCoordinates,	10	,	0.8	,	0		
SetTextureCoordinates,	11	,	1	,	0		
;							
;従輪台車	幅	3.2	縦	1	m		
;開始位置	-1.45	m	0.6835	m左右			
CreateMeshBuilder							
Addvertex,	-0.4835	,	0.15	,	1.75		
Addvertex,	-0.4835	,	1.15	,	1.75		
Addvertex,	-0.6835	,	1.15	,	-1.45		
Addvertex,	-0.6835	,	0.15	,	-1.45		
AddFace2,0,1,2,3							
GenerateNormals							
LoadTexture ,dourin/juurin.png							
SetTextureCoordinates,	0	,	0	,	1		
SetTextureCoordinates,	1	,	0	,	0		
SetTextureCoordinates,	2	,	1	,	0		
SetTextureCoordinates,	3	,	1	,	1		
CreateMeshBuilder							
Addvertex,	0.4835	,	0.15	,	1.75		
Addvertex,	0.4835	,	1.15	,	1.75		
Addvertex,	0.6835	,	1.15	,	-1.45		
Addvertex,	0.6835	,	0.15	,	-1.45		
AddFace2,0,1,2,3							
GenerateNormals							
LoadTexture ,dourin/juurin.png							
SetTextureCoordinates,	0	,	0	,	1		
SetTextureCoordinates,	1	,	0	,	0		
SetTextureCoordinates,	2	,	1	,	0		
SetTextureCoordinates,	3	,	1	,	1		
;ランボード一番ボイラー寄り	幅	0.4	縦	1.6	m		
;開始位置	-0.45	m	0.92	m中心から移動			
CreateMeshBuilder							
Addvertex,	-1.32	,	1.96	,	-0.45		
Addvertex,	-1.32	,	1.96	,	1.15		
Addvertex,	-0.92	,	1.96	,	1.15		
Addvertex,	-0.92	,	1.96	,	-0.45		
AddFace2,0,1,2,3							
GenerateNormals							
LoadTexture ,dourin/running-board.png							
;SetColor, 20,20,20							
SetTextureCoordinates,	0	,	0	,	20		
SetTextureCoordinates,	1	,	0	,	0		
SetTextureCoordinates,	2	,	10	,	0		
SetTextureCoordinates,	3	,	10	,	20		
CreateMeshBuilder							
Addvertex,	0.92	,	1.96	,	-0.45		
Addvertex,	0.92	,	1.96	,	1.15		
Addvertex,	1.32	,	1.96	,	1.15		
Addvertex,	1.32	,	1.96	,	-0.45		
AddFace2,0,1,2,3							
GenerateNormals							
LoadTexture ,dourin/running-board.png							
;SetColor, 20,20,20							
SetTextureCoordinates,	0	,	0	,	20		
SetTextureCoordinates,	1	,	0	,	0		
SetTextureCoordinates,	2	,	10	,	0		
SetTextureCoordinates,	3	,	10	,	20		
;サイドの色	高さ	0.05	m				
CreateMeshBuilder							
Addvertex,	-1.32	,	1.91	,	1.15		
Addvertex,	-1.32	,	1.96	,	1.15		
Addvertex,	-1.32	,	1.96	,	-0.45		
Addvertex,	-1.32	,	1.91	,	-0.45		
AddFace2,0,1,2,3							
GenerateNormals							
LoadTexture ,dourin/running_board-side.bmp							
SetTextureCoordinates,	0	,	0	,	1		
SetTextureCoordinates,	1	,	0	,	0		
SetTextureCoordinates,	2	,	1	,	0		
SetTextureCoordinates,	3	,	1	,	1		
CreateMeshBuilder							
Addvertex,	1.32	,	1.91	,	1.15		
Addvertex,	1.32	,	1.96	,	1.15		
Addvertex,	1.32	,	1.96	,	-0.45		
Addvertex,	1.32	,	1.91	,	-0.45		
AddFace2,0,1,2,3							
GenerateNormals							
LoadTexture ,dourin/running_board-side.bmp							
SetTextureCoordinates,	0	,	0	,	1		
SetTextureCoordinates,	1	,	0	,	0		
SetTextureCoordinates,	2	,	1	,	0		
SetTextureCoordinates,	3	,	1	,	1		
;ランボード2箇所目	高さ移動	0.32	長さ	0.32			
CreateMeshBuilder							
Addvertex,	-1.32	,	1.96	,	1.15		
Addvertex,	-1.32	,	2.28	,	1.47		
Addvertex,	-0.92	,	2.28	,	1.47		
Addvertex,	-0.92	,	1.96	,	1.15		
AddFace2,0,1,2,3							
GenerateNormals							
LoadTexture ,dourin/running-board.png							
;SetColor, 20,20,20							
SetTextureCoordinates,	0	,	0	,	6		
SetTextureCoordinates,	1	,	0	,	0		
SetTextureCoordinates,	2	,	10	,	0		
SetTextureCoordinates,	3	,	10	,	6		
CreateMeshBuilder							
Addvertex,	0.92	,	1.96	,	1.15		
Addvertex,	0.92	,	2.28	,	1.47		
Addvertex,	1.32	,	2.28	,	1.47		
Addvertex,	1.32	,	1.96	,	1.15		
AddFace2,0,1,2,3							
GenerateNormals							
LoadTexture ,dourin/running-board.png							
;SetColor, 20,20,20							
SetTextureCoordinates,	0	,	0	,	6		
SetTextureCoordinates,	1	,	0	,	0		
SetTextureCoordinates,	2	,	10	,	0		
SetTextureCoordinates,	3	,	10	,	6		
;サイドの色							
CreateMeshBuilder							
Addvertex,	-1.32	,	2.23	,	1.47		
Addvertex,	-1.32	,	2.28	,	1.47		
Addvertex,	-1.32	,	1.96	,	1.15		
Addvertex,	-1.32	,	1.91	,	1.15		
AddFace2,0,1,2,3							
GenerateNormals							
LoadTexture ,dourin/running_board-side.bmp							
SetTextureCoordinates,	0	,	0	,	1		
SetTextureCoordinates,	1	,	0	,	0		
SetTextureCoordinates,	2	,	1	,	0		
SetTextureCoordinates,	3	,	1	,	1		
CreateMeshBuilder							
Addvertex,	1.32	,	2.23	,	1.47		
Addvertex,	1.32	,	2.28	,	1.47		
Addvertex,	1.32	,	1.96	,	1.15		
Addvertex,	1.32	,	1.91	,	1.15		
AddFace2,0,1,2,3							
GenerateNormals							
LoadTexture ,dourin/running_board-side.bmp							
SetTextureCoordinates,	0	,	0	,	1		
SetTextureCoordinates,	1	,	0	,	0		
SetTextureCoordinates,	2	,	1	,	0		
SetTextureCoordinates,	3	,	1	,	1		
;ランボード3箇所目	高さ移動	0.32	長さ	0.912			
CreateMeshBuilder							
Addvertex,	-1.32	,	2.28	,	1.47		
Addvertex,	-1.32	,	2.28	,	2.382		
Addvertex,	-0.92	,	2.28	,	2.382		
Addvertex,	-0.92	,	2.28	,	1.47		
AddFace2,0,1,2,3							
GenerateNormals							
LoadTexture ,dourin/running-board.png							
;SetColor, 20,20,20							
SetTextureCoordinates,	0	,	0	,	8		
SetTextureCoordinates,	1	,	0	,	0		
SetTextureCoordinates,	2	,	10	,	0		
SetTextureCoordinates,	3	,	10	,	8		
CreateMeshBuilder							
Addvertex,	0.92	,	2.28	,	1.47		
Addvertex,	0.92	,	2.28	,	2.382		
Addvertex,	1.32	,	2.28	,	2.382		
Addvertex,	1.32	,	2.28	,	1.47		
AddFace2,0,1,2,3							
GenerateNormals							
LoadTexture ,dourin/running-board.png							
;SetColor, 20,20,20							
SetTextureCoordinates,	0	,	0	,	8		
SetTextureCoordinates,	1	,	0	,	0		
SetTextureCoordinates,	2	,	10	,	0		
SetTextureCoordinates,	3	,	10	,	8		
;サイドの色							
CreateMeshBuilder							
Addvertex,	-1.32	,	2.23	,	2.382		
Addvertex,	-1.32	,	2.28	,	2.382		
Addvertex,	-1.32	,	2.28	,	1.47		
Addvertex,	-1.32	,	2.23	,	1.47		
AddFace2,0,1,2,3							
GenerateNormals							
LoadTexture ,dourin/running_board-side.bmp							
SetTextureCoordinates,	0	,	0	,	1		
SetTextureCoordinates,	1	,	0	,	0		
SetTextureCoordinates,	2	,	1	,	0		
SetTextureCoordinates,	3	,	1	,	1		
CreateMeshBuilder							
Addvertex,	1.32	,	2.23	,	2.382		
Addvertex,	1.32	,	2.28	,	2.382		
Addvertex,	1.32	,	2.28	,	1.47		
Addvertex,	1.32	,	2.23	,	1.47		
AddFace2,0,1,2,3							
GenerateNormals							
LoadTexture ,dourin/running_board-side.bmp							
SetTextureCoordinates,	0	,	0	,	1		
SetTextureCoordinates,	1	,	0	,	0		
SetTextureCoordinates,	2	,	1	,	0		
SetTextureCoordinates,	3	,	1	,	1		
;ランボード4箇所目	高さ移動	0.32	長さ	0.32			
CreateMeshBuilder							
Addvertex,	-1.32	,	1.96	,	2.702		
Addvertex,	-1.32	,	2.28	,	2.382		
Addvertex,	-0.92	,	2.28	,	2.382		
Addvertex,	-0.92	,	1.96	,	2.702		
AddFace2,0,1,2,3							
GenerateNormals							
LoadTexture ,dourin/running-board.png							
;SetColor, 20,20,20							
SetTextureCoordinates,	0	,	0	,	6		
SetTextureCoordinates,	1	,	0	,	0		
SetTextureCoordinates,	2	,	10	,	0		
SetTextureCoordinates,	3	,	10	,	6		
CreateMeshBuilder							
Addvertex,	0.92	,	1.96	,	2.702		
Addvertex,	0.92	,	2.28	,	2.382		
Addvertex,	1.32	,	2.28	,	2.382		
Addvertex,	1.32	,	1.96	,	2.702		
AddFace2,0,1,2,3							
GenerateNormals							
LoadTexture ,dourin/running-board.png							
;SetColor, 20,20,20							
SetTextureCoordinates,	0	,	0	,	6		
SetTextureCoordinates,	1	,	0	,	0		
SetTextureCoordinates,	2	,	10	,	0		
SetTextureCoordinates,	3	,	10	,	6		
;サイドの色							
CreateMeshBuilder							
Addvertex,	-1.32	,	1.91	,	2.702		
Addvertex,	-1.32	,	1.96	,	2.702		
Addvertex,	-1.32	,	2.28	,	2.382		
Addvertex,	-1.32	,	2.23	,	2.382		
AddFace2,0,1,2,3							
GenerateNormals							
LoadTexture ,dourin/running_board-side.bmp							
SetTextureCoordinates,	0	,	0	,	1		
SetTextureCoordinates,	1	,	0	,	0		
SetTextureCoordinates,	2	,	1	,	0		
SetTextureCoordinates,	3	,	1	,	1		
CreateMeshBuilder							
Addvertex,	1.32	,	1.91	,	2.702		
Addvertex,	1.32	,	1.96	,	2.702		
Addvertex,	1.32	,	2.28	,	2.382		
Addvertex,	1.32	,	2.23	,	2.382		
AddFace2,0,1,2,3							
GenerateNormals							
LoadTexture ,dourin/running_board-side.bmp							
SetTextureCoordinates,	0	,	0	,	1		
SetTextureCoordinates,	1	,	0	,	0		
SetTextureCoordinates,	2	,	1	,	0		
SetTextureCoordinates,	3	,	1	,	1		
;ランボード5箇所目			長さ	6.05			
CreateMeshBuilder							
Addvertex,	-1.32	,	1.96	,	2.702		
Addvertex,	-1.32	,	1.96	,	8.752		
Addvertex,	-0.92	,	1.96	,	8.752		
Addvertex,	-0.92	,	1.96	,	2.702		
AddFace2,0,1,2,3							
GenerateNormals							
LoadTexture ,dourin/running-board.png							
;SetColor, 20,20,20							
SetTextureCoordinates,	0	,	0	,	75		
SetTextureCoordinates,	1	,	0	,	0		
SetTextureCoordinates,	2	,	10	,	0		
SetTextureCoordinates,	3	,	10	,	75		
CreateMeshBuilder							
Addvertex,	0.92	,	1.96	,	2.702		
Addvertex,	0.92	,	1.96	,	8.752		
Addvertex,	1.32	,	1.96	,	8.752		
Addvertex,	1.32	,	1.96	,	2.702		
AddFace2,0,1,2,3							
GenerateNormals							
LoadTexture ,dourin/running-board.png							
;SetColor, 20,20,20							
SetTextureCoordinates,	0	,	0	,	75		
SetTextureCoordinates,	1	,	0	,	0		
SetTextureCoordinates,	2	,	10	,	0		
SetTextureCoordinates,	3	,	10	,	75		
;サイドの色							
CreateMeshBuilder							
Addvertex,	-1.32	,	1.91	,	8.752		
Addvertex,	-1.32	,	1.96	,	8.752		
Addvertex,	-1.32	,	1.96	,	2.702		
Addvertex,	-1.32	,	1.91	,	2.702		
AddFace2,0,1,2,3							
GenerateNormals							
LoadTexture ,dourin/running_board-side.bmp							
SetTextureCoordinates,	0	,	0	,	1		
SetTextureCoordinates,	1	,	0	,	0		
SetTextureCoordinates,	2	,	1	,	0		
SetTextureCoordinates,	3	,	1	,	1		
CreateMeshBuilder							
Addvertex,	1.32	,	1.91	,	8.752		
Addvertex,	1.32	,	1.96	,	8.752		
Addvertex,	1.32	,	1.96	,	2.702		
Addvertex,	1.32	,	1.91	,	2.702		
AddFace2,0,1,2,3							
GenerateNormals							
LoadTexture ,dourin/running_board-side.bmp							
SetTextureCoordinates,	0	,	0	,	1		
SetTextureCoordinates,	1	,	0	,	0		
SetTextureCoordinates,	2	,	1	,	0		
SetTextureCoordinates,	3	,	1	,	1		
;ランボード6箇所目(前面)	高さ移動	0.84	長さ	0.8			
CreateMeshBuilder							
Addvertex,	1.32	,	1.12	,	9.552		
Addvertex,	1.32	,	1.96	,	8.752		
Addvertex,	-1.32	,	1.96	,	8.752		
Addvertex,	-1.32	,	1.12	,	9.552		
AddFace2,0,1,2,3							
GenerateNormals							
LoadTexture ,dourin/running-board-front.png							
SetTextureCoordinates,	0	,	0	,	1		
SetTextureCoordinates,	1	,	0	,	0		
SetTextureCoordinates,	2	,	1	,	0		
SetTextureCoordinates,	3	,	1	,	1		
;サイドの色							
CreateMeshBuilder							
Addvertex,	-1.32	,	1.07	,	9.552		
Addvertex,	-1.32	,	1.12	,	9.552		
Addvertex,	-1.32	,	1.96	,	8.752		
Addvertex,	-1.32	,	1.91	,	8.752		
AddFace2,0,1,2,3							
GenerateNormals							
LoadTexture ,dourin/running_board-side.bmp							
SetTextureCoordinates,	0	,	0	,	1		
SetTextureCoordinates,	1	,	0	,	0		
SetTextureCoordinates,	2	,	1	,	0		
SetTextureCoordinates,	3	,	1	,	1		
CreateMeshBuilder							
Addvertex,	1.32	,	1.07	,	9.552		
Addvertex,	1.32	,	1.12	,	9.552		
Addvertex,	1.32	,	1.96	,	8.752		
Addvertex,	1.32	,	1.91	,	8.752		
AddFace2,0,1,2,3							
GenerateNormals							
LoadTexture ,dourin/running_board-side.bmp							
SetTextureCoordinates,	0	,	0	,	1		
SetTextureCoordinates,	1	,	0	,	0		
SetTextureCoordinates,	2	,	1	,	0		
SetTextureCoordinates,	3	,	1	,	1		
;元空気ダメ左	幅	5.15	縦	0.6	m		
;開始位置	2.55	m	1.1	m左右			
CreateMeshBuilder							
Addvertex,	-1.1	,	1.2	,	7.7		
Addvertex,	-1.1	,	1.8	,	7.7		
Addvertex,	-1.1	,	1.8	,	2.55		
Addvertex,	-1.1	,	1.2	,	2.55		
AddFace2,0,1,2,3							
GenerateNormals							
LoadTexture ,dourin/moto-kuukidame-L.png							
SetTextureCoordinates,	0	,	0	,	1		
SetTextureCoordinates,	1	,	0	,	0		
SetTextureCoordinates,	2	,	1	,	0		
SetTextureCoordinates,	3	,	1	,	1		
;元空気ダメ右	幅	4.55					
CreateMeshBuilder							
Addvertex,	1.1	,	1.2	,	2.55		
Addvertex,	1.1	,	1.8	,	2.55		
Addvertex,	1.1	,	1.8	,	7.1		
Addvertex,	1.1	,	1.2	,	7.1		
AddFace2,0,1,2,3							
GenerateNormals							
LoadTexture ,dourin/moto-kuukidame-R.png							
SetTextureCoordinates,	0	,	0	,	1		
SetTextureCoordinates,	1	,	0	,	0		
SetTextureCoordinates,	2	,	1	,	0		
SetTextureCoordinates,	3	,	1	,	1		
;モーションプレート	幅	3.3	縦	1.15	m		
;開始位置	4.6	m	1	m左右			
CreateMeshBuilder							
Addvertex,	-1	,	0.6	,	7.9		
Addvertex,	-1	,	1.75	,	7.9		
Addvertex,	-1	,	1.75	,	4.6		
Addvertex,	-1	,	0.6	,	4.6		
AddFace2,0,1,2,3							
GenerateNormals							
LoadTexture ,dourin/motion_plate.png							
SetTextureCoordinates,	0	,	0	,	1		
SetTextureCoordinates,	1	,	0	,	0		
SetTextureCoordinates,	2	,	1	,	0		
SetTextureCoordinates,	3	,	1	,	1		
CreateMeshBuilder							
Addvertex,	1	,	0.6	,	7.9		
Addvertex,	1	,	1.75	,	7.9		
Addvertex,	1	,	1.75	,	4.6		
Addvertex,	1	,	0.6	,	4.6		
AddFace2,0,1,2,3							
GenerateNormals							
LoadTexture ,dourin/motion_plate.png							
SetTextureCoordinates,	0	,	0	,	1		
SetTextureCoordinates,	1	,	0	,	0		
SetTextureCoordinates,	2	,	1	,	0		
SetTextureCoordinates,	3	,	1	,	1		
;給水ポンプとボイラー右側	幅	3.6	縦	2	m		
;開始位置	-1.3	m	1	m中心から右に			
CreateMeshBuilder							
Addvertex,	1	,	0.25	,	-1.3		
Addvertex,	1	,	2.25	,	-1.3		
Addvertex,	1	,	2.25	,	2.3		
Addvertex,	1	,	0.25	,	2.3		
AddFace2,0,1,2,3							
GenerateNormals							
LoadTexture ,dourin/pump&boiler-right-side.png							
SetTextureCoordinates,	0	,	0	,	1		
SetTextureCoordinates,	1	,	0	,	0		
SetTextureCoordinates,	2	,	1	,	0		
SetTextureCoordinates,	3	,	1	,	1		
;コンプレッサーとボイラー左	幅	3.25	縦	1.45	m		
;開始位置	-0.65	m	1	m中心から左に			
CreateMeshBuilder							
Addvertex,	-1	,	0.8	,	2.6		
Addvertex,	-1	,	2.25	,	2.6		
Addvertex,	-1	,	2.25	,	-0.65		
Addvertex,	-1	,	0.8	,	-0.65		
AddFace2,0,1,2,3							
GenerateNormals							
LoadTexture ,dourin/compresser&boiler-left-side.png							
SetTextureCoordinates,	0	,	0	,	1		
SetTextureCoordinates,	1	,	0	,	0		
SetTextureCoordinates,	2	,	1	,	0		
SetTextureCoordinates,	3	,	1	,	1		
;給油機非公式側	幅	0.6	縦	0.45	m	奥行き	0.3
;開始位置	7.6	m	1.2335	m中心から左に			
CreateMeshBuilder							
Addvertex,	1.2335	,	1.5	,	7.15		
Addvertex,	1.2335	,	1.95	,	7.15		
Addvertex,	1.2335	,	1.95	,	7.75		
Addvertex,	1.2335	,	1.5	,	7.75		
AddFace,0,1,2,3							
GenerateNormals							
LoadTexture ,dourin/sylinder_oil_supplier_box.png							
SetTextureCoordinates,	0	,	0	,	1		
SetTextureCoordinates,	1	,	0	,	0		
SetTextureCoordinates,	2	,	1	,	0		
SetTextureCoordinates,	3	,	1	,	1		
							
CreateMeshBuilder							
Addvertex,	0.9335	,	1.5	,	7.15		
Addvertex,	0.9335	,	1.95	,	7.15		
Addvertex,	1.2335	,	1.95	,	7.15		
Addvertex,	1.2335	,	1.5	,	7.15		
AddFace,0,1,2,3							
GenerateNormals							
LoadTexture ,dourin/sylinder_oil_supplier_box.png							
SetTextureCoordinates,	0	,	0	,	1		
SetTextureCoordinates,	1	,	0	,	0		
SetTextureCoordinates,	2	,	1	,	0		
SetTextureCoordinates,	3	,	1	,	1		
CreateMeshBuilder							
Addvertex,	1.2335	,	1.5	,	7.75		
Addvertex,	1.2335	,	1.95	,	7.75		
Addvertex,	0.9335	,	1.95	,	7.75		
Addvertex,	0.9335	,	1.5	,	7.75		
AddFace,0,1,2,3							
GenerateNormals							
LoadTexture ,dourin/sylinder_oil_supplier_box.png							
SetTextureCoordinates,	0	,	0	,	1		
SetTextureCoordinates,	1	,	0	,	0		
SetTextureCoordinates,	2	,	1	,	0		
SetTextureCoordinates,	3	,	1	,	1		
CreateMeshBuilder							
Addvertex,	0.9335	,	1.5	,	7.75		
Addvertex,	0.9335	,	1.5	,	7.15		
Addvertex,	1.2335	,	1.5	,	7.15		
Addvertex,	1.2335	,	1.5	,	7.75		
AddFace,0,1,2,3							
GenerateNormals							
LoadTexture ,dourin/sylinder_oil_supplier_box.png							
SetTextureCoordinates,	0	,	0	,	1		
SetTextureCoordinates,	1	,	0	,	0		
SetTextureCoordinates,	2	,	1	,	0		
SetTextureCoordinates,	3	,	1	,	1		
;ピストン	幅	0.88	縦	1.68	m		
;開始位置	7.83	m	1.2335	m左右、下から	0.24		
CreateMeshBuilder							
Addvertex,	-1.2335	,	1.92	,	8.71		
Addvertex,	-1.2185	,	0.79	,	8.71		
Addvertex,	-1.1835	,	0.46	,	8.71		
Addvertex,	-1.1435	,	0.38	,	8.71		
Addvertex,	-1.1035	,	0.345	,	8.71		
Addvertex,	-0.9835	,	0.32	,	8.71		
Addvertex,	-0.9835	,	0.24	,	8.71		
Addvertex,	-1.2335	,	1.92	,	7.83		
Addvertex,	-1.2185	,	0.79	,	7.83		
Addvertex,	-1.1835	,	0.46	,	7.83		
Addvertex,	-1.1435	,	0.38	,	7.83		
Addvertex,	-1.1035	,	0.345	,	7.83		
Addvertex,	-0.9835	,	0.32	,	7.83		
Addvertex,	-0.9835	,	0.24	,	7.83		
AddFace,	1	,	0	,	7	,	8
AddFace,	2	,	1	,	8	,	9
AddFace,	3	,	2	,	9	,	10
AddFace,	4	,	3	,	10	,	11
AddFace,	5	,	4	,	11	,	12
AddFace,	6	,	5	,	12	,	13
GenerateNormals							
LoadTexture ,dourin/cylinder-main.png							
SetTextureCoordinates,	0	,	0	,	0		
SetTextureCoordinates,	1	,	0	,	0.65		
SetTextureCoordinates,	2	,	0	,	0.83		
SetTextureCoordinates,	3	,	0	,	0.88		
SetTextureCoordinates,	4	,	0	,	0.9		
SetTextureCoordinates,	5	,	0	,	0.95		
SetTextureCoordinates,	6	,	0	,	1		
SetTextureCoordinates,	7	,	1	,	0		
SetTextureCoordinates,	8	,	1	,	0.65		
SetTextureCoordinates,	9	,	1	,	0.83		
SetTextureCoordinates,	10	,	1	,	0.88		
SetTextureCoordinates,	11	,	1	,	0.9		
SetTextureCoordinates,	12	,	1	,	0.95		
SetTextureCoordinates,	13	,	1	,	1		
CreateMeshBuilder							
Addvertex,	-0.7335	,	1.92	,	7.83		
Addvertex,	-0.7485	,	0.79	,	7.83		
Addvertex,	-0.7835	,	0.46	,	7.83		
Addvertex,	-0.8235	,	0.38	,	7.83		
Addvertex,	-0.8635	,	0.345	,	7.83		
Addvertex,	-0.9835	,	0.32	,	7.83		
Addvertex,	-0.9835	,	0.24	,	7.83		
Addvertex,	-0.7335	,	1.92	,	8.71		
Addvertex,	-0.7485	,	0.79	,	8.71		
Addvertex,	-0.7835	,	0.46	,	8.71		
Addvertex,	-0.8235	,	0.38	,	8.71		
Addvertex,	-0.8635	,	0.345	,	8.71		
Addvertex,	-0.9835	,	0.32	,	8.71		
Addvertex,	-0.9835	,	0.24	,	8.71		
AddFace,	1	,	0	,	7	,	8
AddFace,	2	,	1	,	8	,	9
AddFace,	3	,	2	,	9	,	10
AddFace,	4	,	3	,	10	,	11
AddFace,	5	,	4	,	11	,	12
AddFace,	6	,	5	,	12	,	13
GenerateNormals							
LoadTexture ,dourin/cylinder-main-inside.png							
SetTextureCoordinates,	0	,	0	,	0		
SetTextureCoordinates,	1	,	0	,	0.65		
SetTextureCoordinates,	2	,	0	,	0.83		
SetTextureCoordinates,	3	,	0	,	0.88		
SetTextureCoordinates,	4	,	0	,	0.9		
SetTextureCoordinates,	5	,	0	,	0.95		
SetTextureCoordinates,	6	,	0	,	1		
SetTextureCoordinates,	7	,	1	,	0		
SetTextureCoordinates,	8	,	1	,	0.65		
SetTextureCoordinates,	9	,	1	,	0.83		
SetTextureCoordinates,	10	,	1	,	0.88		
SetTextureCoordinates,	11	,	1	,	0.9		
SetTextureCoordinates,	12	,	1	,	0.95		
SetTextureCoordinates,	13	,	1	,	1		
;ピストン	幅	0.88	縦	1.68	m		
;開始位置	7.83	m	1.2335	m左右、下から	0.24		
CreateMeshBuilder							
Addvertex,	1.2335	,	1.92	,	7.83		
Addvertex,	1.2185	,	0.79	,	7.83		
Addvertex,	1.1835	,	0.46	,	7.83		
Addvertex,	1.1435	,	0.38	,	7.83		
Addvertex,	1.1035	,	0.345	,	7.83		
Addvertex,	0.9835	,	0.32	,	7.83		
Addvertex,	0.9835	,	0.24	,	7.83		
Addvertex,	1.2335	,	1.92	,	8.71		
Addvertex,	1.2185	,	0.79	,	8.71		
Addvertex,	1.1835	,	0.46	,	8.71		
Addvertex,	1.1435	,	0.38	,	8.71		
Addvertex,	1.1035	,	0.345	,	8.71		
Addvertex,	0.9835	,	0.32	,	8.71		
Addvertex,	0.9835	,	0.24	,	8.71		
AddFace,	1	,	0	,	7	,	8
AddFace,	2	,	1	,	8	,	9
AddFace,	3	,	2	,	9	,	10
AddFace,	4	,	3	,	10	,	11
AddFace,	5	,	4	,	11	,	12
AddFace,	6	,	5	,	12	,	13
GenerateNormals							
LoadTexture ,dourin/cylinder-main.png							
SetTextureCoordinates,	0	,	0	,	0		
SetTextureCoordinates,	1	,	0	,	0.65		
SetTextureCoordinates,	2	,	0	,	0.83		
SetTextureCoordinates,	3	,	0	,	0.88		
SetTextureCoordinates,	4	,	0	,	0.9		
SetTextureCoordinates,	5	,	0	,	0.95		
SetTextureCoordinates,	6	,	0	,	1		
SetTextureCoordinates,	7	,	1	,	0		
SetTextureCoordinates,	8	,	1	,	0.65		
SetTextureCoordinates,	9	,	1	,	0.83		
SetTextureCoordinates,	10	,	1	,	0.88		
SetTextureCoordinates,	11	,	1	,	0.9		
SetTextureCoordinates,	12	,	1	,	0.95		
SetTextureCoordinates,	13	,	1	,	1		
CreateMeshBuilder							
Addvertex,	0.7335	,	1.92	,	8.71		
Addvertex,	0.7485	,	0.79	,	8.71		
Addvertex,	0.7835	,	0.46	,	8.71		
Addvertex,	0.8235	,	0.38	,	8.71		
Addvertex,	0.8635	,	0.345	,	8.71		
Addvertex,	0.9835	,	0.32	,	8.71		
Addvertex,	0.9835	,	0.24	,	8.71		
Addvertex,	0.7335	,	1.92	,	7.83		
Addvertex,	0.7485	,	0.79	,	7.83		
Addvertex,	0.7835	,	0.46	,	7.83		
Addvertex,	0.8235	,	0.38	,	7.83		
Addvertex,	0.8635	,	0.345	,	7.83		
Addvertex,	0.9835	,	0.32	,	7.83		
Addvertex,	0.9835	,	0.24	,	7.83		
AddFace,	1	,	0	,	7	,	8
AddFace,	2	,	1	,	8	,	9
AddFace,	3	,	2	,	9	,	10
AddFace,	4	,	3	,	10	,	11
AddFace,	5	,	4	,	11	,	12
AddFace,	6	,	5	,	12	,	13
GenerateNormals							
LoadTexture ,dourin/cylinder-main-inside.png							
SetTextureCoordinates,	0	,	0	,	0		
SetTextureCoordinates,	1	,	0	,	0.65		
SetTextureCoordinates,	2	,	0	,	0.83		
SetTextureCoordinates,	3	,	0	,	0.88		
SetTextureCoordinates,	4	,	0	,	0.9		
SetTextureCoordinates,	5	,	0	,	0.95		
SetTextureCoordinates,	6	,	0	,	1		
SetTextureCoordinates,	7	,	1	,	0		
SetTextureCoordinates,	8	,	1	,	0.65		
SetTextureCoordinates,	9	,	1	,	0.83		
SetTextureCoordinates,	10	,	1	,	0.88		
SetTextureCoordinates,	11	,	1	,	0.9		
SetTextureCoordinates,	12	,	1	,	0.95		
SetTextureCoordinates,	13	,	1	,	1		
;ピストンシリンダ側左手前	幅	0.5	縦	1.6	m		
;開始位置	6.83	m	1.2335	m左右			
CreateMeshBuilder							
Addvertex,	-1.2335	,	0.32	,	7.83		
Addvertex,	-1.2335	,	1.92	,	7.83		
Addvertex,	-0.7335	,	1.92	,	7.83		
Addvertex,	-0.7335	,	0.32	,	7.83		
AddFace,0,1,2,3							
GenerateNormals							
LoadTexture ,dourin/cylinder-piston-side.png							
SetTextureCoordinates,	0	,	0	,	1		
SetTextureCoordinates,	1	,	0	,	0		
SetTextureCoordinates,	2	,	1	,	0		
SetTextureCoordinates,	3	,	1	,	1		
;ピストンシリンダ側左							
CreateMeshBuilder							
Addvertex,	-0.7335	,	0.32	,	8.71		
Addvertex,	-0.7335	,	1.92	,	8.71		
Addvertex,	-1.2335	,	1.92	,	8.71		
Addvertex,	-1.2335	,	0.32	,	8.71		
AddFace,0,1,2,3							
GenerateNormals							
LoadTexture ,dourin/cylinder-piston-side.png							
SetTextureCoordinates,	0	,	0	,	1		
SetTextureCoordinates,	1	,	0	,	0		
SetTextureCoordinates,	2	,	1	,	0		
SetTextureCoordinates,	3	,	1	,	1		
CreateMeshBuilder							
Addvertex,	0.7335	,	0.32	,	7.83		
Addvertex,	0.7335	,	1.92	,	7.83		
Addvertex,	1.2335	,	1.92	,	7.83		
Addvertex,	1.2335	,	0.32	,	7.83		
AddFace,0,1,2,3							
GenerateNormals							
LoadTexture ,dourin/cylinder-piston-side.png							
SetTextureCoordinates,	0	,	0	,	1		
SetTextureCoordinates,	1	,	0	,	0		
SetTextureCoordinates,	2	,	1	,	0		
SetTextureCoordinates,	3	,	1	,	1		
;ピストンシリンダ側右							
CreateMeshBuilder							
Addvertex,	1.2335	,	0.32	,	8.71		
Addvertex,	1.2335	,	1.92	,	8.71		
Addvertex,	0.7335	,	1.92	,	8.71		
Addvertex,	0.7335	,	0.32	,	8.71		
AddFace,0,1,2,3							
GenerateNormals							
LoadTexture ,dourin/cylinder-piston-side.png							
SetTextureCoordinates,	0	,	0	,	1		
SetTextureCoordinates,	1	,	0	,	0		
SetTextureCoordinates,	2	,	1	,	0		
SetTextureCoordinates,	3	,	1	,	1		
;ピストン尻棒	幅	0.7	縦	1.12	m		
;開始位置	8.71	m	1	m左右			
CreateMeshBuilder							
Addvertex,	-1	,	0.32	,	9.41		
Addvertex,	-1	,	1.44	,	9.41		
Addvertex,	-1	,	1.44	,	8.71		
Addvertex,	-1	,	0.32	,	8.71		
AddFace2,0,1,2,3							
GenerateNormals							
LoadTexture ,dourin/piston-siribou.png							
SetTextureCoordinates,	0	,	0	,	1		
SetTextureCoordinates,	1	,	0	,	0		
SetTextureCoordinates,	2	,	1	,	0		
SetTextureCoordinates,	3	,	1	,	1		
CreateMeshBuilder							
Addvertex,	1	,	0.32	,	9.41		
Addvertex,	1	,	1.44	,	9.41		
Addvertex,	1	,	1.44	,	8.71		
Addvertex,	1	,	0.32	,	8.71		
AddFace2,0,1,2,3							
GenerateNormals							
LoadTexture ,dourin/piston-siribou.png							
SetTextureCoordinates,	0	,	0	,	1		
SetTextureCoordinates,	1	,	0	,	0		
SetTextureCoordinates,	2	,	1	,	0		
SetTextureCoordinates,	3	,	1	,	1		
;前面フロントカバー	幅	1.55	縦	0.48	m		
;開始位置	9.55	m	0.775	m左右			
CreateMeshBuilder							
Addvertex,	0.775	,	1.12	,	9.55		
Addvertex,	0.775	,	1.6	,	9.55		
Addvertex,	-0.775	,	1.6	,	9.55		
Addvertex,	-0.775	,	1.12	,	9.55		
AddFace,0,1,2,3							
GenerateNormals							
LoadTexture ,dourin/front_cover.png							
SetTextureCoordinates,	0	,	0	,	1		
SetTextureCoordinates,	1	,	0	,	0		
SetTextureCoordinates,	2	,	1	,	0		
SetTextureCoordinates,	3	,	1	,	1		
;フロントカバートップ	幅	0.45					
CreateMeshBuilder							
Addvertex,	0.775	,	1.55	,	9.55		
Addvertex,	0.775	,	1.55	,	9.1		
Addvertex,	-0.775	,	1.55	,	9.1		
Addvertex,	-0.775	,	1.55	,	9.55		
AddFace,0,1,2,3							
GenerateNormals							
LoadTexture ,dourin/running-board.png							
SetTextureCoordinates,	0	,	0	,	10		
SetTextureCoordinates,	1	,	0	,	0		
SetTextureCoordinates,	2	,	20	,	0		
SetTextureCoordinates,	3	,	20	,	10		
;フロントカバーサイド左	幅						
CreateMeshBuilder							
Addvertex,	-0.775	,	1.12	,	9.55		
Addvertex,	-0.775	,	1.55	,	9.55		
Addvertex,	-0.775	,	1.55	,	9.1		
Addvertex,	-0.775	,	1.12	,	9.1		
AddFace,0,1,2,3							
GenerateNormals							
LoadTexture ,dourin/front_cover_side.png							
SetTextureCoordinates,	0	,	0	,	1		
SetTextureCoordinates,	1	,	0	,	0		
SetTextureCoordinates,	2	,	1	,	0		
SetTextureCoordinates,	3	,	1	,	1		
;フロントカバーサイド右	幅						
CreateMeshBuilder							
Addvertex,	0.775	,	1.12	,	9.1		
Addvertex,	0.775	,	1.55	,	9.1		
Addvertex,	0.775	,	1.55	,	9.55		
Addvertex,	0.775	,	1.12	,	9.55		
AddFace,0,1,2,3							
GenerateNormals							
LoadTexture ,dourin/front_cover_side_R.png							
SetTextureCoordinates,	0	,	0	,	1		
SetTextureCoordinates,	1	,	0	,	0		
SetTextureCoordinates,	2	,	1	,	0		
SetTextureCoordinates,	3	,	1	,	1		
;前面連結器	幅	2.64	縦	1.14	m		
;開始位置	9.7	m	1.32	m左右			
CreateMeshBuilder							
Addvertex,	1.32	,	0.18	,	9.7		
Addvertex,	1.32	,	1.32	,	9.7		
Addvertex,	-1.32	,	1.32	,	9.7		
Addvertex,	-1.32	,	0.18	,	9.7		
AddFace2,0,1,2,3							
GenerateNormals							
LoadTexture ,dourin/front_coupler.png							
SetTextureCoordinates,	0	,	0	,	1		
SetTextureCoordinates,	1	,	0	,	0		
SetTextureCoordinates,	2	,	1	,	0		
SetTextureCoordinates,	3	,	1	,	1		
CreateMeshBuilder							
Addvertex,	1.32	,	1.12	,	9.7		
Addvertex,	1.32	,	1.12	,	9.552		
Addvertex,	-1.32	,	1.12	,	9.552		
Addvertex,	-1.32	,	1.12	,	9.7		
AddFace2,0,1,2,3							
GenerateNormals							
LoadTexture ,dourin/running-board.png							
SetTextureCoordinates,	0	,	0	,	4		
SetTextureCoordinates,	1	,	0	,	0		
SetTextureCoordinates,	2	,	35	,	0		
SetTextureCoordinates,	3	,	35	,	4		
;ランボードサイド終端	高さ	0.21	m				
CreateMeshBuilder							
Addvertex,	-1.32	,	0.91	,	9.7		
Addvertex,	-1.32	,	1.12	,	9.7		
Addvertex,	-1.32	,	1.12	,	9.552		
Addvertex,	-1.32	,	0.91	,	9.552		
AddFace2,0,1,2,3							
GenerateNormals							
LoadTexture ,dourin/running-board-front-side.png							
SetTextureCoordinates,	0	,	0	,	1		
SetTextureCoordinates,	1	,	0	,	0		
SetTextureCoordinates,	2	,	1	,	0		
SetTextureCoordinates,	3	,	1	,	1		
CreateMeshBuilder							
Addvertex,	1.32	,	0.91	,	9.7		
Addvertex,	1.32	,	1.12	,	9.7		
Addvertex,	1.32	,	1.12	,	9.552		
Addvertex,	1.32	,	0.91	,	9.552		
AddFace2,0,1,2,3							
GenerateNormals							
LoadTexture ,dourin/running-board-front-side.png							
SetTextureCoordinates,	0	,	0	,	1		
SetTextureCoordinates,	1	,	0	,	0		
SetTextureCoordinates,	2	,	1	,	0		
SetTextureCoordinates,	3	,	1	,	1		
;キャブ前面	幅	2.7	縦	2.1	m		
;開始位置	-2.2	m	1.35	m左右			
CreateMeshBuilder							
Addvertex,	1.35	,	1.8	,	-0.45		
Addvertex,	1.35	,	3.9	,	-0.45		
Addvertex,	-1.35	,	3.9	,	-0.45		
Addvertex,	-1.35	,	1.8	,	-0.45		
AddFace2,0,1,2,3							
GenerateNormals							
LoadTexture ,boiler&cab/front.png							
SetTextureCoordinates,	0	,	0	,	1		
SetTextureCoordinates,	1	,	0	,	0		
SetTextureCoordinates,	2	,	1	,	0		
SetTextureCoordinates,	3	,	1	,	1		
;キャブサイドL&R	幅	2.2	縦	1.52	m		
;開始位置	-2.2	m	1.35	m左右			
CreateMeshBuilder							
Addvertex,	-1.35	,	1.8	,	-0.45		
Addvertex,	-1.35	,	3.32	,	-0.45		
Addvertex,	-1.35	,	3.32	,	-2.65		
Addvertex,	-1.35	,	1.8	,	-2.65		
AddFace2,0,1,2,3							
GenerateNormals							
LoadTexture ,boiler&cab/cab-sideL.png							
SetTextureCoordinates,	0	,	0	,	1		
SetTextureCoordinates,	1	,	0	,	0		
SetTextureCoordinates,	2	,	1	,	0		
SetTextureCoordinates,	3	,	1	,	1		
CreateMeshBuilder							
Addvertex,	1.35	,	1.8	,	-2.65		
Addvertex,	1.35	,	3.32	,	-2.65		
Addvertex,	1.35	,	3.32	,	-0.45		
Addvertex,	1.35	,	1.8	,	-0.45		
AddFace2,0,1,2,3							
GenerateNormals							
LoadTexture ,boiler&cab/cab-sideR.png							
SetTextureCoordinates,	0	,	0	,	1		
SetTextureCoordinates,	1	,	0	,	0		
SetTextureCoordinates,	2	,	1	,	0		
SetTextureCoordinates,	3	,	1	,	1		
;下部の帯	高さ	0.05	m幅	0.8	m中心から左右		
CreateMeshBuilder							
Addvertex,	-0.8	,	1.75	,	-0.45		
Addvertex,	-0.8	,	1.8	,	-0.45		
Addvertex,	-1.35	,	1.8	,	-0.45		
Addvertex,	-1.35	,	1.75	,	-0.45		
AddFace2,0,1,2,3							
GenerateNormals							
LoadTexture ,dourin/running_board-side.bmp							
SetTextureCoordinates,	0	,	0	,	1		
SetTextureCoordinates,	1	,	0	,	0		
SetTextureCoordinates,	2	,	1	,	0		
SetTextureCoordinates,	3	,	1	,	1		
CreateMeshBuilder							
Addvertex,	1.35	,	1.75	,	-0.45		
Addvertex,	1.35	,	1.8	,	-0.45		
Addvertex,	0.8	,	1.8	,	-0.45		
Addvertex,	0.8	,	1.75	,	-0.45		
AddFace2,0,1,2,3							
GenerateNormals							
LoadTexture ,dourin/running_board-side.bmp							
SetTextureCoordinates,	0	,	0	,	1		
SetTextureCoordinates,	1	,	0	,	0		
SetTextureCoordinates,	2	,	1	,	0		
SetTextureCoordinates,	3	,	1	,	1		
;キャブサイド側下部帯	長さ	1.31	m				
CreateMeshBuilder							
Addvertex,	-1.35	,	1.75	,	-0.45		
Addvertex,	-1.35	,	1.8	,	-0.45		
Addvertex,	-1.35	,	1.8	,	-1.76		
Addvertex,	-1.35	,	1.75	,	-1.76		
AddFace2,0,1,2,3							
GenerateNormals							
LoadTexture ,dourin/running_board-side.bmp							
SetTextureCoordinates,	0	,	0	,	1		
SetTextureCoordinates,	1	,	0	,	0		
SetTextureCoordinates,	2	,	1	,	0		
SetTextureCoordinates,	3	,	1	,	1		
CreateMeshBuilder							
Addvertex,	1.35	,	1.75	,	-0.45		
Addvertex,	1.35	,	1.8	,	-0.45		
Addvertex,	1.35	,	1.8	,	-1.76		
Addvertex,	1.35	,	1.75	,	-1.76		
AddFace2,0,1,2,3							
GenerateNormals							
LoadTexture ,dourin/running_board-side.bmp							
SetTextureCoordinates,	0	,	0	,	1		
SetTextureCoordinates,	1	,	0	,	0		
SetTextureCoordinates,	2	,	1	,	0		
SetTextureCoordinates,	3	,	1	,	1		
;キャブ屋根							
;開始位置:	-0.45	半径	1.35	m	高さ	0.58	m
;開始高さ:	3.32	長さ	2.2				
CreateMeshBuilder							
Addvertex,	1.3500	,	3.3200	,	-0.4500		
Addvertex,	1.3040	,	3.3501	,	-0.4500		
Addvertex,	1.1691	,	3.4600	,	-0.4500		
Addvertex,	0.9546	,	3.6001	,	-0.4500		
Addvertex,	0.6750	,	3.7323	,	-0.4500		
Addvertex,	0.3494	,	3.8502	,	-0.4500		
Addvertex,	0.0000	,	3.9000	,	-0.4500		
Addvertex,	-0.3494	,	3.8502	,	-0.4500		
Addvertex,	-0.6750	,	3.7323	,	-0.4500		
Addvertex,	-0.9546	,	3.6001	,	-0.4500		
Addvertex,	-1.1691	,	3.4600	,	-0.4500		
Addvertex,	-1.3040	,	3.3501	,	-0.4500		
Addvertex,	-1.3500	,	3.3200	,	-0.4500		
Addvertex,	1.3500	,	3.3200	,	-2.6500		
Addvertex,	1.3040	,	3.3501	,	-2.6500		
Addvertex,	1.1691	,	3.4600	,	-2.6500		
Addvertex,	0.9546	,	3.6001	,	-2.6500		
Addvertex,	0.6750	,	3.7323	,	-2.6500		
Addvertex,	0.3494	,	3.8502	,	-2.6500		
Addvertex,	0.0000	,	3.9000	,	-2.6500		
Addvertex,	-0.3494	,	3.8502	,	-2.6500		
Addvertex,	-0.6750	,	3.7323	,	-2.6500		
Addvertex,	-0.9546	,	3.6001	,	-2.6500		
Addvertex,	-1.1691	,	3.4600	,	-2.6500		
Addvertex,	-1.3040	,	3.3501	,	-2.6500		
Addvertex,	-1.3500	,	3.3200	,	-2.6500		
AddFace2,	0	,	13	,	14	,	1
AddFace2,	1	,	14	,	15	,	2
AddFace2,	2	,	15	,	16	,	3
AddFace2,	3	,	16	,	17	,	4
AddFace2,	4	,	17	,	18	,	5
AddFace2,	5	,	18	,	19	,	6
AddFace2,	6	,	19	,	20	,	7
AddFace2,	7	,	20	,	21	,	8
AddFace2,	8	,	21	,	22	,	9
AddFace2,	9	,	22	,	23	,	10
AddFace2,	10	,	23	,	24	,	11
AddFace2,	11	,	24	,	25	,	12
GenerateNormals							
LoadTexture ,boiler&cab/roof.png							
SetTextureCoordinates,	0	,	0	,	0		
SetTextureCoordinates,	1	,	0	,	0.083333		
SetTextureCoordinates,	2	,	0	,	0.166666		
SetTextureCoordinates,	3	,	0	,	0.249999		
SetTextureCoordinates,	4	,	0	,	0.333332		
SetTextureCoordinates,	5	,	0	,	0.416665		
SetTextureCoordinates,	6	,	0	,	0.499998		
SetTextureCoordinates,	7	,	0	,	0.583331		
SetTextureCoordinates,	8	,	0	,	0.666664		
SetTextureCoordinates,	9	,	0	,	0.749997		
SetTextureCoordinates,	10	,	0	,	0.83333		
SetTextureCoordinates,	11	,	0	,	0.916663		
SetTextureCoordinates,	12	,	0	,	1		
SetTextureCoordinates,	13	,	1	,	0		
SetTextureCoordinates,	14	,	1	,	0.083333		
SetTextureCoordinates,	15	,	1	,	0.166666		
SetTextureCoordinates,	16	,	1	,	0.249999		
SetTextureCoordinates,	17	,	1	,	0.333332		
SetTextureCoordinates,	18	,	1	,	0.416665		
SetTextureCoordinates,	19	,	1	,	0.499998		
SetTextureCoordinates,	20	,	1	,	0.583331		
SetTextureCoordinates,	21	,	1	,	0.666664		
SetTextureCoordinates,	22	,	1	,	0.749997		
SetTextureCoordinates,	23	,	1	,	0.83333		
SetTextureCoordinates,	24	,	1	,	0.916663		
SetTextureCoordinates,	25	,	1	,	1		
;キャブリア左右	幅	0.6	縦	1.88	m		
;開始位置	-3.5	m	1.35	m左右			
CreateMeshBuilder							
Addvertex,	-1.35	,	1.8	,	-1.75		
Addvertex,	-1.35	,	3.68	,	-1.75		
Addvertex,	-0.75	,	3.68	,	-1.75		
Addvertex,	-0.75	,	1.8	,	-1.75		
AddFace2,0,1,2,3							
GenerateNormals							
LoadTexture ,boiler&cab/semotare-L.png							
SetTextureCoordinates,	0	,	0	,	1		
SetTextureCoordinates,	1	,	0	,	0		
SetTextureCoordinates,	2	,	1	,	0		
SetTextureCoordinates,	3	,	1	,	1		
CreateMeshBuilder							
Addvertex,	0.75	,	1.8	,	-1.75		
Addvertex,	0.75	,	3.68	,	-1.75		
Addvertex,	1.35	,	3.68	,	-1.75		
Addvertex,	1.35	,	1.8	,	-1.75		
AddFace2,0,1,2,3							
GenerateNormals							
LoadTexture ,boiler&cab/semotare-R.png							
SetTextureCoordinates,	0	,	0	,	1		
SetTextureCoordinates,	1	,	0	,	0		
SetTextureCoordinates,	2	,	1	,	0		
SetTextureCoordinates,	3	,	1	,	1		
;キャブリア下部帯							
CreateMeshBuilder							
Addvertex,	-1.35	,	1.75	,	-1.75		
Addvertex,	-1.35	,	1.8	,	-1.75		
Addvertex,	-0.75	,	1.8	,	-1.75		
Addvertex,	-0.75	,	1.75	,	-1.75		
AddFace2,0,1,2,3							
GenerateNormals							
LoadTexture ,dourin/running_board-side.bmp							
SetTextureCoordinates,	0	,	0	,	1		
SetTextureCoordinates,	1	,	0	,	0		
SetTextureCoordinates,	2	,	1	,	0		
SetTextureCoordinates,	3	,	1	,	1		
CreateMeshBuilder							
Addvertex,	0.75	,	1.75	,	-1.75		
Addvertex,	0.75	,	1.8	,	-1.75		
Addvertex,	1.35	,	1.8	,	-1.75		
Addvertex,	1.35	,	1.75	,	-1.75		
AddFace2,0,1,2,3							
GenerateNormals							
LoadTexture ,dourin/running_board-side.bmp							
SetTextureCoordinates,	0	,	0	,	1		
SetTextureCoordinates,	1	,	0	,	0		
SetTextureCoordinates,	2	,	1	,	0		
SetTextureCoordinates,	3	,	1	,	1		
;キャブひさし左	長さ	0.45	縦	0.1	m		
;開始位置	幅	0.35	m	1.26	m左右		
CreateMeshBuilder							
Addvertex,	-1.26	,	3.15	,	0		
Addvertex,	-1.26	,	3.25	,	0		
Addvertex,	-1.26	,	3.25	,	-0.45		
Addvertex,	-1.26	,	3.15	,	-0.45		
AddFace2,0,1,2,3							
GenerateNormals							
LoadTexture ,boiler&cab/hisasi-bright.png							
SetTextureCoordinates,	0	,	0	,	1		
SetTextureCoordinates,	1	,	0	,	0		
SetTextureCoordinates,	2	,	1	,	0		
SetTextureCoordinates,	3	,	1	,	1		
CreateMeshBuilder							
Addvertex,	-1.259	,	3.15	,	0		
Addvertex,	-1.259	,	3.25	,	0		
Addvertex,	-1.259	,	3.25	,	-0.45		
Addvertex,	-1.259	,	3.15	,	-0.45		
AddFace2,0,1,2,3							
GenerateNormals							
LoadTexture ,boiler&cab/hisasi-dark.png							
SetTextureCoordinates,	0	,	0	,	1		
SetTextureCoordinates,	1	,	0	,	0		
SetTextureCoordinates,	2	,	1	,	0		
SetTextureCoordinates,	3	,	1	,	1		
;左中心側	中心から	1.15	m				
CreateMeshBuilder							
Addvertex,	-0.91	,	3.15	,	0		
Addvertex,	-0.91	,	3.25	,	0		
Addvertex,	-0.91	,	3.25	,	-0.45		
Addvertex,	-0.91	,	3.15	,	-0.45		
AddFace2,0,1,2,3							
GenerateNormals							
LoadTexture ,boiler&cab/hisasi-bright.png							
SetTextureCoordinates,	0	,	0	,	1		
SetTextureCoordinates,	1	,	0	,	0		
SetTextureCoordinates,	2	,	1	,	0		
SetTextureCoordinates,	3	,	1	,	1		
CreateMeshBuilder							
Addvertex,	-0.911	,	3.15	,	0		
Addvertex,	-0.911	,	3.25	,	0		
Addvertex,	-0.911	,	3.25	,	-0.45		
Addvertex,	-0.911	,	3.15	,	-0.45		
AddFace2,0,1,2,3							
GenerateNormals							
LoadTexture ,boiler&cab/hisasi-dark.png							
SetTextureCoordinates,	0	,	0	,	1		
SetTextureCoordinates,	1	,	0	,	0		
SetTextureCoordinates,	2	,	1	,	0		
SetTextureCoordinates,	3	,	1	,	1		
;ひさしトップ							
;開始位置:	0	半径	0.175	m	高さ	0.045	m
;開始高さ:	3.25	下の半径	0.175	m	1.085	m左に	
CreateMeshBuilder							
Addvertex,	-1.2600	,	3.2500	,	-0.4500		
Addvertex,	-1.2573	,	3.2578	,	-0.4500		
Addvertex,	-1.2540	,	3.2616	,	-0.4500		
Addvertex,	-1.2366	,	3.2725	,	-0.4500		
Addvertex,	-1.1725	,	3.2890	,	-0.4500		
Addvertex,	-1.0850	,	3.2950	,	-0.4500		
Addvertex,	-0.9975	,	3.2890	,	-0.4500		
Addvertex,	-0.9334	,	3.2725	,	-0.4500		
Addvertex,	-0.9160	,	3.2616	,	-0.4500		
Addvertex,	-0.9127	,	3.2578	,	-0.4500		
Addvertex,	-0.9100	,	3.2500	,	-0.4500		
Addvertex,	-1.2600	,	3.2500	,	0.0000		
Addvertex,	-1.2573	,	3.2578	,	0.0000		
Addvertex,	-1.2540	,	3.2616	,	0.0000		
Addvertex,	-1.2366	,	3.2725	,	0.0000		
Addvertex,	-1.1725	,	3.2890	,	0.0000		
Addvertex,	-1.0850	,	3.2950	,	0.0000		
Addvertex,	-0.9975	,	3.2890	,	0.0000		
Addvertex,	-0.9334	,	3.2725	,	0.0000		
Addvertex,	-0.9160	,	3.2616	,	0.0000		
Addvertex,	-0.9127	,	3.2578	,	0.0000		
Addvertex,	-0.9100	,	3.2500	,	0.0000		
AddFace,	0	,	11	,	12	,	1
AddFace,	1	,	12	,	13	,	2
AddFace,	2	,	13	,	14	,	3
AddFace,	3	,	14	,	15	,	4
AddFace,	4	,	15	,	16	,	5
AddFace,	5	,	16	,	17	,	6
AddFace,	6	,	17	,	18	,	7
AddFace,	7	,	18	,	19	,	8
AddFace,	8	,	19	,	20	,	9
AddFace,	9	,	20	,	21	,	10
LoadTexture ,boiler&cab/hisasi-top-bright.png							
SetTextureCoordinates,	0	,	0	,	0		
SetTextureCoordinates,	1	,	0	,	0.1		
SetTextureCoordinates,	2	,	0	,	0.2		
SetTextureCoordinates,	3	,	0	,	0.3		
SetTextureCoordinates,	4	,	0	,	0.4		
SetTextureCoordinates,	5	,	0	,	0.5		
SetTextureCoordinates,	6	,	0	,	0.6		
SetTextureCoordinates,	7	,	0	,	0.7		
SetTextureCoordinates,	8	,	0	,	0.8		
SetTextureCoordinates,	9	,	0	,	0.9		
SetTextureCoordinates,	10	,	0	,	1		
SetTextureCoordinates,	11	,	1	,	0		
SetTextureCoordinates,	12	,	1	,	0.1		
SetTextureCoordinates,	13	,	1	,	0.2		
SetTextureCoordinates,	14	,	1	,	0.3		
SetTextureCoordinates,	15	,	1	,	0.4		
SetTextureCoordinates,	16	,	1	,	0.5		
SetTextureCoordinates,	17	,	1	,	0.6		
SetTextureCoordinates,	18	,	1	,	0.7		
SetTextureCoordinates,	19	,	1	,	0.8		
SetTextureCoordinates,	20	,	1	,	0.9		
SetTextureCoordinates,	21	,	1	,	1		
CreateMeshBuilder							
Addvertex,	-1.2600	,	3.2490	,	0.0000		
Addvertex,	-1.2573	,	3.2568	,	0.0000		
Addvertex,	-1.2540	,	3.2606	,	0.0000		
Addvertex,	-1.2366	,	3.2715	,	0.0000		
Addvertex,	-1.1725	,	3.2880	,	0.0000		
Addvertex,	-1.0850	,	3.2940	,	0.0000		
Addvertex,	-0.9975	,	3.2880	,	0.0000		
Addvertex,	-0.9334	,	3.2715	,	0.0000		
Addvertex,	-0.9160	,	3.2606	,	0.0000		
Addvertex,	-0.9127	,	3.2568	,	0.0000		
Addvertex,	-0.9100	,	3.2490	,	0.0000		
Addvertex,	-1.2600	,	3.2490	,	-0.4500		
Addvertex,	-1.2573	,	3.2568	,	-0.4500		
Addvertex,	-1.2540	,	3.2606	,	-0.4500		
Addvertex,	-1.2366	,	3.2715	,	-0.4500		
Addvertex,	-1.1725	,	3.2880	,	-0.4500		
Addvertex,	-1.0850	,	3.2940	,	-0.4500		
Addvertex,	-0.9975	,	3.2880	,	-0.4500		
Addvertex,	-0.9334	,	3.2715	,	-0.4500		
Addvertex,	-0.9160	,	3.2606	,	-0.4500		
Addvertex,	-0.9127	,	3.2568	,	-0.4500		
Addvertex,	-0.9100	,	3.2490	,	-0.4500		
AddFace2,	0	,	11	,	12	,	1
AddFace2,	1	,	12	,	13	,	2
AddFace2,	2	,	13	,	14	,	3
AddFace2,	3	,	14	,	15	,	4
AddFace2,	4	,	15	,	16	,	5
AddFace2,	5	,	16	,	17	,	6
AddFace2,	6	,	17	,	18	,	7
AddFace2,	7	,	18	,	19	,	8
AddFace2,	8	,	19	,	20	,	9
AddFace2,	9	,	20	,	21	,	10
LoadTexture ,boiler&cab/hisasi-top-dark.png							
SetTextureCoordinates,	0	,	0	,	0		
SetTextureCoordinates,	1	,	0	,	0.1		
SetTextureCoordinates,	2	,	0	,	0.2		
SetTextureCoordinates,	3	,	0	,	0.3		
SetTextureCoordinates,	4	,	0	,	0.4		
SetTextureCoordinates,	5	,	0	,	0.5		
SetTextureCoordinates,	6	,	0	,	0.6		
SetTextureCoordinates,	7	,	0	,	0.7		
SetTextureCoordinates,	8	,	0	,	0.8		
SetTextureCoordinates,	9	,	0	,	0.9		
SetTextureCoordinates,	10	,	0	,	1		
SetTextureCoordinates,	11	,	1	,	0		
SetTextureCoordinates,	12	,	1	,	0.1		
SetTextureCoordinates,	13	,	1	,	0.2		
SetTextureCoordinates,	14	,	1	,	0.3		
SetTextureCoordinates,	15	,	1	,	0.4		
SetTextureCoordinates,	16	,	1	,	0.5		
SetTextureCoordinates,	17	,	1	,	0.6		
SetTextureCoordinates,	18	,	1	,	0.7		
SetTextureCoordinates,	19	,	1	,	0.8		
SetTextureCoordinates,	20	,	1	,	0.9		
SetTextureCoordinates,	21	,	1	,	1		
;キャブひさし右	長さ	0.45	縦	0.1	m		
;開始位置	幅	0.35	m	1.26	m左右		
CreateMeshBuilder							
Addvertex,	1.26	,	3.15	,	0		
Addvertex,	1.26	,	3.25	,	0		
Addvertex,	1.26	,	3.25	,	-0.45		
Addvertex,	1.26	,	3.15	,	-0.45		
AddFace2,0,1,2,3							
GenerateNormals							
LoadTexture ,boiler&cab/hisasi-bright.png							
SetTextureCoordinates,	0	,	0	,	1		
SetTextureCoordinates,	1	,	0	,	0		
SetTextureCoordinates,	2	,	1	,	0		
SetTextureCoordinates,	3	,	1	,	1		
CreateMeshBuilder							
Addvertex,	1.259	,	3.15	,	0		
Addvertex,	1.259	,	3.25	,	0		
Addvertex,	1.259	,	3.25	,	-0.45		
Addvertex,	1.259	,	3.15	,	-0.45		
AddFace2,0,1,2,3							
GenerateNormals							
LoadTexture ,boiler&cab/hisasi-dark.png							
SetTextureCoordinates,	0	,	0	,	1		
SetTextureCoordinates,	1	,	0	,	0		
SetTextureCoordinates,	2	,	1	,	0		
SetTextureCoordinates,	3	,	1	,	1		
;左中心側	中心から	1.15	m				
CreateMeshBuilder							
Addvertex,	0.91	,	3.15	,	0		
Addvertex,	0.91	,	3.25	,	0		
Addvertex,	0.91	,	3.25	,	-0.45		
Addvertex,	0.91	,	3.15	,	-0.45		
AddFace2,0,1,2,3							
GenerateNormals							
LoadTexture ,boiler&cab/hisasi-bright.png							
SetTextureCoordinates,	0	,	0	,	1		
SetTextureCoordinates,	1	,	0	,	0		
SetTextureCoordinates,	2	,	1	,	0		
SetTextureCoordinates,	3	,	1	,	1		
CreateMeshBuilder							
Addvertex,	0.911	,	3.15	,	0		
Addvertex,	0.911	,	3.25	,	0		
Addvertex,	0.911	,	3.25	,	-0.45		
Addvertex,	0.911	,	3.15	,	-0.45		
AddFace2,0,1,2,3							
GenerateNormals							
LoadTexture ,boiler&cab/hisasi-dark.png							
SetTextureCoordinates,	0	,	0	,	1		
SetTextureCoordinates,	1	,	0	,	0		
SetTextureCoordinates,	2	,	1	,	0		
SetTextureCoordinates,	3	,	1	,	1		
;ひさしトップ							
							
;開始位置:	0	半径	0.175	m	高さ	0.045	m
;開始高さ:	3.25	下の半径	0.175	m	1.085	m右に	
CreateMeshBuilder							
Addvertex,	0.9100	,	3.2500	,	-0.4500		
Addvertex,	0.9127	,	3.2578	,	-0.4500		
Addvertex,	0.9160	,	3.2616	,	-0.4500		
Addvertex,	0.9334	,	3.2725	,	-0.4500		
Addvertex,	0.9975	,	3.2890	,	-0.4500		
Addvertex,	1.0850	,	3.2950	,	-0.4500		
Addvertex,	1.1725	,	3.2890	,	-0.4500		
Addvertex,	1.2366	,	3.2725	,	-0.4500		
Addvertex,	1.2540	,	3.2616	,	-0.4500		
Addvertex,	1.2573	,	3.2578	,	-0.4500		
Addvertex,	1.2600	,	3.2500	,	-0.4500		
Addvertex,	0.9100	,	3.2500	,	0.0000		
Addvertex,	0.9127	,	3.2578	,	0.0000		
Addvertex,	0.9160	,	3.2616	,	0.0000		
Addvertex,	0.9334	,	3.2725	,	0.0000		
Addvertex,	0.9975	,	3.2890	,	0.0000		
Addvertex,	1.0850	,	3.2950	,	0.0000		
Addvertex,	1.1725	,	3.2890	,	0.0000		
Addvertex,	1.2366	,	3.2725	,	0.0000		
Addvertex,	1.2540	,	3.2616	,	0.0000		
Addvertex,	1.2573	,	3.2578	,	0.0000		
Addvertex,	1.2600	,	3.2500	,	0.0000		
AddFace,	0	,	11	,	12	,	1
AddFace,	1	,	12	,	13	,	2
AddFace,	2	,	13	,	14	,	3
AddFace,	3	,	14	,	15	,	4
AddFace,	4	,	15	,	16	,	5
AddFace,	5	,	16	,	17	,	6
AddFace,	6	,	17	,	18	,	7
AddFace,	7	,	18	,	19	,	8
AddFace,	8	,	19	,	20	,	9
AddFace,	9	,	20	,	21	,	10
LoadTexture ,boiler&cab/hisasi-top-bright.png							
SetTextureCoordinates,	0	,	0	,	0		
SetTextureCoordinates,	1	,	0	,	0.1		
SetTextureCoordinates,	2	,	0	,	0.2		
SetTextureCoordinates,	3	,	0	,	0.3		
SetTextureCoordinates,	4	,	0	,	0.4		
SetTextureCoordinates,	5	,	0	,	0.5		
SetTextureCoordinates,	6	,	0	,	0.6		
SetTextureCoordinates,	7	,	0	,	0.7		
SetTextureCoordinates,	8	,	0	,	0.8		
SetTextureCoordinates,	9	,	0	,	0.9		
SetTextureCoordinates,	10	,	0	,	1		
SetTextureCoordinates,	11	,	1	,	0		
SetTextureCoordinates,	12	,	1	,	0.1		
SetTextureCoordinates,	13	,	1	,	0.2		
SetTextureCoordinates,	14	,	1	,	0.3		
SetTextureCoordinates,	15	,	1	,	0.4		
SetTextureCoordinates,	16	,	1	,	0.5		
SetTextureCoordinates,	17	,	1	,	0.6		
SetTextureCoordinates,	18	,	1	,	0.7		
SetTextureCoordinates,	19	,	1	,	0.8		
SetTextureCoordinates,	20	,	1	,	0.9		
SetTextureCoordinates,	21	,	1	,	1		
CreateMeshBuilder							
Addvertex,	1.2600	,	3.2490	,	0.0000		
Addvertex,	1.2573	,	3.2568	,	0.0000		
Addvertex,	1.2540	,	3.2606	,	0.0000		
Addvertex,	1.2366	,	3.2715	,	0.0000		
Addvertex,	1.1725	,	3.2880	,	0.0000		
Addvertex,	1.0850	,	3.2940	,	0.0000		
Addvertex,	0.9975	,	3.2880	,	0.0000		
Addvertex,	0.9334	,	3.2715	,	0.0000		
Addvertex,	0.9160	,	3.2606	,	0.0000		
Addvertex,	0.9127	,	3.2568	,	0.0000		
Addvertex,	0.9100	,	3.2490	,	0.0000		
Addvertex,	1.2600	,	3.2490	,	-0.4500		
Addvertex,	1.2573	,	3.2568	,	-0.4500		
Addvertex,	1.2540	,	3.2606	,	-0.4500		
Addvertex,	1.2366	,	3.2715	,	-0.4500		
Addvertex,	1.1725	,	3.2880	,	-0.4500		
Addvertex,	1.0850	,	3.2940	,	-0.4500		
Addvertex,	0.9975	,	3.2880	,	-0.4500		
Addvertex,	0.9334	,	3.2715	,	-0.4500		
Addvertex,	0.9160	,	3.2606	,	-0.4500		
Addvertex,	0.9127	,	3.2568	,	-0.4500		
Addvertex,	0.9100	,	3.2490	,	-0.4500		
AddFace2,	0	,	11	,	12	,	1
AddFace2,	1	,	12	,	13	,	2
AddFace2,	2	,	13	,	14	,	3
AddFace2,	3	,	14	,	15	,	4
AddFace2,	4	,	15	,	16	,	5
AddFace2,	5	,	16	,	17	,	6
AddFace2,	6	,	17	,	18	,	7
AddFace2,	7	,	18	,	19	,	8
AddFace2,	8	,	19	,	20	,	9
AddFace2,	9	,	20	,	21	,	10
LoadTexture ,boiler&cab/hisasi-top-dark.png							
SetTextureCoordinates,	0	,	0	,	0		
SetTextureCoordinates,	1	,	0	,	0.1		
SetTextureCoordinates,	2	,	0	,	0.2		
SetTextureCoordinates,	3	,	0	,	0.3		
SetTextureCoordinates,	4	,	0	,	0.4		
SetTextureCoordinates,	5	,	0	,	0.5		
SetTextureCoordinates,	6	,	0	,	0.6		
SetTextureCoordinates,	7	,	0	,	0.7		
SetTextureCoordinates,	8	,	0	,	0.8		
SetTextureCoordinates,	9	,	0	,	0.9		
SetTextureCoordinates,	10	,	0	,	1		
SetTextureCoordinates,	11	,	1	,	0		
SetTextureCoordinates,	12	,	1	,	0.1		
SetTextureCoordinates,	13	,	1	,	0.2		
SetTextureCoordinates,	14	,	1	,	0.3		
SetTextureCoordinates,	15	,	1	,	0.4		
SetTextureCoordinates,	16	,	1	,	0.5		
SetTextureCoordinates,	17	,	1	,	0.6		
SetTextureCoordinates,	18	,	1	,	0.7		
SetTextureCoordinates,	19	,	1	,	0.8		
SetTextureCoordinates,	20	,	1	,	0.9		
SetTextureCoordinates,	21	,	1	,	1		
;テンダー台枠機関室側左右	幅	0.68	縦	0.18	m		
;開始位置	-1.55	m	1.35	m左右			
CreateMeshBuilder							
Addvertex,	-1.35	,	0.9	,	-2		
Addvertex,	-1.35	,	1.08	,	-2		
Addvertex,	-1.35	,	1.08	,	-2.68		
Addvertex,	-1.35	,	0.9	,	-2.68		
AddFace2,0,1,2,3							
GenerateNormals							
LoadTexture ,tender/daiwaku.bmp							
SetTextureCoordinates,	0	,	0	,	1		
SetTextureCoordinates,	1	,	0	,	0		
SetTextureCoordinates,	2	,	1	,	0		
SetTextureCoordinates,	3	,	1	,	1		
CreateMeshBuilder							
Addvertex,	1.35	,	0.9	,	-2.68		
Addvertex,	1.35	,	1.08	,	-2.68		
Addvertex,	1.35	,	1.08	,	-2		
Addvertex,	1.35	,	0.9	,	-2		
AddFace2,0,1,2,3							
GenerateNormals							
LoadTexture ,tender/daiwaku.bmp							
SetTextureCoordinates,	0	,	0	,	1		
SetTextureCoordinates,	1	,	0	,	0		
SetTextureCoordinates,	2	,	1	,	0		
SetTextureCoordinates,	3	,	1	,	1		
CreateMeshBuilder							
Addvertex,	1.35	,	0.9	,	-2		
Addvertex,	1.35	,	1.08	,	-2		
Addvertex,	-1.35	,	1.08	,	-2		
Addvertex,	-1.35	,	0.9	,	-2		
AddFace2,0,1,2,3							
GenerateNormals							
LoadTexture ,tender/daiwaku.bmp							
SetTextureCoordinates,	0	,	0	,	1		
SetTextureCoordinates,	1	,	0	,	0		
SetTextureCoordinates,	2	,	1	,	0		
SetTextureCoordinates,	3	,	1	,	1		
CreateMeshBuilder							
Addvertex,	1.35	,	1.08	,	-2		
Addvertex,	1.35	,	1.08	,	-2.68		
Addvertex,	-1.35	,	1.08	,	-2.68		
Addvertex,	-1.35	,	1.08	,	-2		
AddFace2,0,1,2,3							
GenerateNormals							
LoadTexture ,tender/daiwaku.bmp							
SetTextureCoordinates,	0	,	0	,	1		
SetTextureCoordinates,	1	,	0	,	0		
SetTextureCoordinates,	2	,	1	,	0		
SetTextureCoordinates,	3	,	1	,	1		
;テンダーサイド	幅	6.32	縦	2.46	m		
;開始位置	-2.2	m	1.35	m左右			
CreateMeshBuilder							
Addvertex,	-1.35	,	0.9	,	-2.65		
Addvertex,	-1.35	,	3.36	,	-2.65		
Addvertex,	-1.35	,	3.36	,	-8.97		
Addvertex,	-1.35	,	0.9	,	-8.97		
AddFace2,0,1,2,3							
GenerateNormals							
LoadTexture ,tender/tender-sideL.png							
SetTextureCoordinates,	0	,	0	,	1		
SetTextureCoordinates,	1	,	0	,	0		
SetTextureCoordinates,	2	,	1	,	0		
SetTextureCoordinates,	3	,	1	,	1		
CreateMeshBuilder							
Addvertex,	1.35	,	0.9	,	-8.97		
Addvertex,	1.35	,	3.36	,	-8.97		
Addvertex,	1.35	,	3.36	,	-2.65		
Addvertex,	1.35	,	0.9	,	-2.65		
AddFace2,0,1,2,3							
GenerateNormals							
LoadTexture ,tender/tender-sideR.png							
SetTextureCoordinates,	0	,	0	,	1		
SetTextureCoordinates,	1	,	0	,	0		
SetTextureCoordinates,	2	,	1	,	0		
SetTextureCoordinates,	3	,	1	,	1		
;テンダーリア			縦	1.8	m		
;開始位置	-8.97	m	1.35	m左右			
CreateMeshBuilder							
Addvertex,	-1.35	,	1.03	,	-8.98		
Addvertex,	-1.35	,	2.83	,	-8.98		
Addvertex,	1.35	,	2.83	,	-8.98		
Addvertex,	1.35	,	1.03	,	-8.98		
AddFace2,0,1,2,3							
GenerateNormals							
LoadTexture ,tender/tender-rear.png							
SetTextureCoordinates,	0	,	0	,	1		
SetTextureCoordinates,	1	,	0	,	0		
SetTextureCoordinates,	2	,	1	,	0		
SetTextureCoordinates,	3	,	1	,	1		
;テンダートップ	高さ	2.5	m	長さ	2		
;開始位置:		-7	m				
CreateMeshBuilder							
Addvertex,	1.35	,	2.5	,	-6.97		
Addvertex,	1.35	,	2.5	,	-8.98		
Addvertex,	-1.35	,	2.5	,	-8.98		
Addvertex,	-1.35	,	2.5	,	-6.97		
AddFace2,0,1,2,3							
GenerateNormals							
LoadTexture ,tender/running-board.png							
SetTextureCoordinates,	0	,	0	,	20		
SetTextureCoordinates,	1	,	0	,	0		
SetTextureCoordinates,	2	,	30	,	0		
SetTextureCoordinates,	3	,	30	,	20		
;テンダートップインサイド	高さ	0.5	m				
CreateMeshBuilder							
Addvertex,	-1.35	,	2.5	,	-6.97		
Addvertex,	-1.35	,	3	,	-6.97		
Addvertex,	1.35	,	3	,	-6.97		
Addvertex,	1.35	,	2.5	,	-6.97		
AddFace,0,1,2,3							
GenerateNormals							
LoadTexture ,tender/top_inside.png							
SetTextureCoordinates,	0	,	0	,	1		
SetTextureCoordinates,	1	,	0	,	0		
SetTextureCoordinates,	2	,	1	,	0		
SetTextureCoordinates,	3	,	1	,	1		
CreateMeshBuilder							
;給水口	半径	0.3	m	高さ	0.3	テンダー端から	0.5
Cylinder,	16	,	0.3	,	0.3	,	0.3
SetColor,	46	,	54	,	60		
Rotate,	1	,	0	,	0	,	0
Translate,	0	,	2.5	,	-8.47		
CreateMeshBuilder							
Cylinder,	8	,	0.01	,	0.01	,	0.3
SetColor,	46	,	54	,	60		
Rotate,	1	,	0	,	0	,	90
Translate,	0	,	2.665	,	-8.47		
;テンダー機関室側	高さ	1.5					
CreateMeshBuilder							
Addvertex,	-0.35	,	2.5	,	-2.85		
Addvertex,	-0.35	,	3.8	,	-2.85		
Addvertex,	-1.35	,	3.88	,	-3.22		
Addvertex,	-1.35	,	2.5	,	-3.22		
AddFace2,0,1,2,3							
GenerateNormals							
LoadTexture ,tender/tender-insideLU.png							
SetTextureCoordinates,	0	,	0	,	1		
SetTextureCoordinates,	1	,	0	,	0		
SetTextureCoordinates,	2	,	1	,	0		
SetTextureCoordinates,	3	,	1	,	1		
CreateMeshBuilder							
Addvertex,	1.35	,	2.5	,	-3.22		
Addvertex,	1.35	,	3.85	,	-3.22		
Addvertex,	0.35	,	3.8	,	-2.85		
Addvertex,	0.35	,	2.5	,	-2.85		
AddFace2,0,1,2,3							
GenerateNormals							
LoadTexture ,tender/tender-insideRU.png							
SetTextureCoordinates,	0	,	0	,	1		
SetTextureCoordinates,	1	,	0	,	0		
SetTextureCoordinates,	2	,	1	,	0		
SetTextureCoordinates,	3	,	1	,	1		
CreateMeshBuilder							
Addvertex,	0.35	,	2.5	,	-2.85		
Addvertex,	0.35	,	3.8	,	-2.85		
Addvertex,	-0.35	,	3.8	,	-2.85		
Addvertex,	-0.35	,	2.5	,	-2.85		
AddFace2,0,1,2,3							
GenerateNormals							
LoadTexture ,tender/tender-insideMU.png							
SetTextureCoordinates,	0	,	0	,	1		
SetTextureCoordinates,	1	,	0	,	0		
SetTextureCoordinates,	2	,	1	,	0		
SetTextureCoordinates,	3	,	1	,	1		
;インサイド下側	高さ	1.5					
CreateMeshBuilder							
Addvertex,	-0.35	,	1.05	,	-2.65		
Addvertex,	-0.35	,	2.55	,	-2.65		
Addvertex,	-1.35	,	2.55	,	-2.65		
Addvertex,	-1.35	,	1.05	,	-2.65		
AddFace,0,1,2,3							
GenerateNormals							
LoadTexture ,tender/tender-insideLD.png							
SetTextureCoordinates,	0	,	0	,	1		
SetTextureCoordinates,	1	,	0	,	0		
SetTextureCoordinates,	2	,	1	,	0		
SetTextureCoordinates,	3	,	1	,	1		
CreateMeshBuilder							
Addvertex,	1.35	,	1.05	,	-2.65		
Addvertex,	1.35	,	2.55	,	-2.65		
Addvertex,	0.35	,	2.55	,	-2.65		
Addvertex,	0.35	,	1.05	,	-2.65		
AddFace,0,1,2,3							
GenerateNormals							
LoadTexture ,tender/tender-insideRD.png							
SetTextureCoordinates,	0	,	0	,	1		
SetTextureCoordinates,	1	,	0	,	0		
SetTextureCoordinates,	2	,	1	,	0		
SetTextureCoordinates,	3	,	1	,	1		
CreateMeshBuilder							
Addvertex,	-0.45	,	2.55	,	-2.85		
Addvertex,	-0.35	,	2.55	,	-2.6499		
Addvertex,	-0.45	,	1.5	,	-2.6499		
Addvertex,	-0.5	,	1.05	,	-2.6499		
Addvertex,	0.45	,	2.55	,	-2.85		
Addvertex,	0.35	,	2.55	,	-2.6499		
Addvertex,	0.45	,	1.5	,	-2.6499		
Addvertex,	0.5	,	1.05	,	-2.6499		
AddFace2,1,0,4,5							
AddFace2,2,1,5,6							
AddFace2,3,2,6,7							
GenerateNormals							
LoadTexture ,tender/tender-insideMD.png							
SetTextureCoordinates,	0	,	0	,	0		
SetTextureCoordinates,	1	,	0	,	0.165		
SetTextureCoordinates,	2	,	0	,	0.68		
SetTextureCoordinates,	3	,	0	,	1		
SetTextureCoordinates,	4	,	1	,	0		
SetTextureCoordinates,	5	,	1	,	0.165		
SetTextureCoordinates,	6	,	1	,	0.68		
SetTextureCoordinates,	7	,	1	,	1		
;テンダー機関室側天板	幅	0.95	縦	0.55	m		
;開始位置	-2.2	m	1.35	m左			
CreateMeshBuilder							
Addvertex,	1.35	,	2.5	,	-2.65		
Addvertex,	1.35	,	2.5	,	-3.2		
Addvertex,	0.4	,	2.5	,	-3.2		
Addvertex,	0.4	,	2.5	,	-2.65		
AddFace2,0,1,2,3							
GenerateNormals							
LoadTexture ,tender/tender-tenban-R.png							
SetTextureCoordinates,	0	,	0	,	1		
SetTextureCoordinates,	1	,	0	,	0		
SetTextureCoordinates,	2	,	1	,	0		
SetTextureCoordinates,	3	,	1	,	1		
CreateMeshBuilder							
Addvertex,	-0.4	,	2.5	,	-2.65		
Addvertex,	-0.4	,	2.5	,	-3.2		
Addvertex,	-1.35	,	2.5	,	-3.2		
Addvertex,	-1.35	,	2.5	,	-2.65		
AddFace2,0,1,2,3							
GenerateNormals							
LoadTexture ,tender/tender-tenban-L.png							
SetTextureCoordinates,	0	,	0	,	1		
SetTextureCoordinates,	1	,	0	,	0		
SetTextureCoordinates,	2	,	1	,	0		
SetTextureCoordinates,	3	,	1	,	1		
;石炭							
;左	仕切り位置Z座標:		-6.97	m			
CreateMeshBuilder							
Addvertex,	-1.35	,	3.21	,	-3.23		
Addvertex,	0	,	3.76	,	-2.83		
Addvertex,	0	,	4.16	,	-3.65		
Addvertex,	-1.35	,	3.36	,	-3.65		
AddFace,0,1,2,3							
GenerateNormals							
LoadTexture ,tender/coal.png							
SetTextureCoordinates,	0	,	0	,	1		
SetTextureCoordinates,	1	,	0	,	0		
SetTextureCoordinates,	2	,	1	,	0		
SetTextureCoordinates,	3	,	1	,	1		
CreateMeshBuilder							
Addvertex,	-1.35	,	3.36	,	-3.65		
Addvertex,	0	,	4.16	,	-3.65		
Addvertex,	0	,	4.26	,	-4.45		
Addvertex,	-1.35	,	3.16	,	-4.45		
AddFace,0,1,2,3							
GenerateNormals							
LoadTexture ,tender/coal.png							
SetTextureCoordinates,	0	,	0	,	1		
SetTextureCoordinates,	1	,	0	,	0		
SetTextureCoordinates,	2	,	1	,	0		
SetTextureCoordinates,	3	,	1	,	1		
CreateMeshBuilder							
Addvertex,	-1.35	,	3.16	,	-4.45		
Addvertex,	0	,	4.26	,	-4.45		
Addvertex,	0	,	3.86	,	-5.55		
Addvertex,	-1.35	,	2.96	,	-5.55		
AddFace,0,1,2,3							
GenerateNormals							
LoadTexture ,tender/coal.png							
SetTextureCoordinates,	0	,	0	,	1		
SetTextureCoordinates,	1	,	0	,	0		
SetTextureCoordinates,	2	,	1	,	0		
SetTextureCoordinates,	3	,	1	,	1		
CreateMeshBuilder							
Addvertex,	-1.35	,	2.96	,	-6.97		
Addvertex,	-1.35	,	2.96	,	-5.55		
Addvertex,	0	,	3.86	,	-5.55		
Addvertex,	0	,	2.96	,	-6.97		
AddFace,0,1,2,3							
GenerateNormals							
LoadTexture ,tender/coal.png							
SetTextureCoordinates,	0	,	0	,	1		
SetTextureCoordinates,	1	,	0	,	0		
SetTextureCoordinates,	2	,	1	,	0		
SetTextureCoordinates,	3	,	1	,	1		
;石炭							
;右							
CreateMeshBuilder							
Addvertex,	0	,	3.76	,	-2.83		
Addvertex,	1.35	,	3.21	,	-3.23		
Addvertex,	1.35	,	3.36	,	-3.65		
Addvertex,	0	,	4.16	,	-3.65		
AddFace,0,1,2,3							
GenerateNormals							
LoadTexture ,tender/coal.png							
SetTextureCoordinates,	0	,	0	,	1		
SetTextureCoordinates,	1	,	0	,	0		
SetTextureCoordinates,	2	,	1	,	0		
SetTextureCoordinates,	3	,	1	,	1		
CreateMeshBuilder							
Addvertex,	0	,	4.16	,	-3.65		
Addvertex,	1.35	,	3.36	,	-3.65		
Addvertex,	1.35	,	3.16	,	-4.45		
Addvertex,	0	,	4.26	,	-4.45		
AddFace,0,1,2,3							
GenerateNormals							
LoadTexture ,tender/coal.png							
SetTextureCoordinates,	0	,	0	,	1		
SetTextureCoordinates,	1	,	0	,	0		
SetTextureCoordinates,	2	,	1	,	0		
SetTextureCoordinates,	3	,	1	,	1		
CreateMeshBuilder							
Addvertex,	0	,	4.26	,	-4.45		
Addvertex,	1.35	,	3.16	,	-4.45		
Addvertex,	1.35	,	2.96	,	-5.55		
Addvertex,	0	,	3.86	,	-5.55		
AddFace,0,1,2,3							
GenerateNormals							
LoadTexture ,tender/coal.png							
SetTextureCoordinates,	0	,	0	,	1		
SetTextureCoordinates,	1	,	0	,	0		
SetTextureCoordinates,	2	,	1	,	0		
SetTextureCoordinates,	3	,	1	,	1		
CreateMeshBuilder							
Addvertex,	0	,	3.86	,	-5.55		
Addvertex,	1.35	,	2.96	,	-5.55		
Addvertex,	1.35	,	2.96	,	-6.97		
Addvertex,	0	,	2.96	,	-6.97		
AddFace,0,1,2,3							
GenerateNormals							
LoadTexture ,tender/coal.png							
SetTextureCoordinates,	0	,	0	,	1		
SetTextureCoordinates,	1	,	0	,	0		
SetTextureCoordinates,	2	,	1	,	0		
SetTextureCoordinates,	3	,	1	,	1		
;テンダー台車左前	幅	2.88	縦	0.64	m		
;開始位置	-1.72	m	0.95	m左右			
CreateMeshBuilder							
Addvertex,	-0.95	,	0.16	,	-2.17		
Addvertex,	-0.95	,	0.8	,	-2.17		
Addvertex,	-0.95	,	0.8	,	-5.05		
Addvertex,	-0.95	,	0.16	,	-5.05		
AddFace2,0,1,2,3							
GenerateNormals							
LoadTexture ,tender/tender-daisya.png							
SetTextureCoordinates,	0	,	0	,	1		
SetTextureCoordinates,	1	,	0	,	0		
SetTextureCoordinates,	2	,	1	,	0		
SetTextureCoordinates,	3	,	1	,	1		
CreateMeshBuilder							
Addvertex,	0.95	,	0.16	,	-2.17		
Addvertex,	0.95	,	0.8	,	-2.17		
Addvertex,	0.95	,	0.8	,	-5.05		
Addvertex,	0.95	,	0.16	,	-5.05		
AddFace2,0,1,2,3							
GenerateNormals							
LoadTexture ,tender/tender-daisya.png							
SetTextureCoordinates,	0	,	0	,	1		
SetTextureCoordinates,	1	,	0	,	0		
SetTextureCoordinates,	2	,	1	,	0		
SetTextureCoordinates,	3	,	1	,	1		
;連結器側台車	開始位置	-5.32	m				
CreateMeshBuilder							
Addvertex,	-0.95	,	0.16	,	-5.77		
Addvertex,	-0.95	,	0.8	,	-5.77		
Addvertex,	-0.95	,	0.8	,	-8.65		
Addvertex,	-0.95	,	0.16	,	-8.65		
AddFace2,0,1,2,3							
GenerateNormals							
LoadTexture ,tender/tender-daisya.png							
SetTextureCoordinates,	0	,	0	,	1		
SetTextureCoordinates,	1	,	0	,	0		
SetTextureCoordinates,	2	,	1	,	0		
SetTextureCoordinates,	3	,	1	,	1		
CreateMeshBuilder							
Addvertex,	0.95	,	0.16	,	-5.77		
Addvertex,	0.95	,	0.8	,	-5.77		
Addvertex,	0.95	,	0.8	,	-8.65		
Addvertex,	0.95	,	0.16	,	-8.65		
AddFace2,0,1,2,3							
GenerateNormals							
LoadTexture ,tender/tender-daisya.png							
SetTextureCoordinates,	0	,	0	,	1		
SetTextureCoordinates,	1	,	0	,	0		
SetTextureCoordinates,	2	,	1	,	0		
SetTextureCoordinates,	3	,	1	,	1		
;テンダー台車枕木方向	幅	1.9	縦	0.5	m		
;開始位置	-8.97	m	0.95	m左右			
CreateMeshBuilder							
Addvertex,	-0.95	,	0.1	,	-8.58		
Addvertex,	-0.95	,	0.6	,	-8.58		
Addvertex,	0.95	,	0.6	,	-8.58		
Addvertex,	0.95	,	0.1	,	-8.58		
AddFace2,0,1,2,3							
GenerateNormals							
LoadTexture ,tender/tender-daisya_rear.png							
SetTextureCoordinates,	0	,	0	,	1		
SetTextureCoordinates,	1	,	0	,	0		
SetTextureCoordinates,	2	,	1	,	0		
SetTextureCoordinates,	3	,	1	,	1		
CreateMeshBuilder							
Addvertex,	-0.95	,	0.1	,	-5.84		
Addvertex,	-0.95	,	0.6	,	-5.84		
Addvertex,	0.95	,	0.6	,	-5.84		
Addvertex,	0.95	,	0.1	,	-5.84		
AddFace2,0,1,2,3							
GenerateNormals							
LoadTexture ,tender/tender-daisya_inside.png							
SetTextureCoordinates,	0	,	0	,	1		
SetTextureCoordinates,	1	,	0	,	0		
SetTextureCoordinates,	2	,	1	,	0		
SetTextureCoordinates,	3	,	1	,	1		
CreateMeshBuilder							
Addvertex,	-0.95	,	0.1	,	-4.98		
Addvertex,	-0.95	,	0.6	,	-4.98		
Addvertex,	0.95	,	0.6	,	-4.98		
Addvertex,	0.95	,	0.1	,	-4.98		
AddFace2,0,1,2,3							
GenerateNormals							
LoadTexture ,tender/tender-daisya_inside.png							
SetTextureCoordinates,	0	,	0	,	1		
SetTextureCoordinates,	1	,	0	,	0		
SetTextureCoordinates,	2	,	1	,	0		
SetTextureCoordinates,	3	,	1	,	1		
CreateMeshBuilder							
Addvertex,	-0.95	,	0.1	,	-2.24		
Addvertex,	-0.95	,	0.6	,	-2.24		
Addvertex,	0.95	,	0.6	,	-2.24		
Addvertex,	0.95	,	0.1	,	-2.24		
AddFace2,0,1,2,3							
GenerateNormals							
LoadTexture ,tender/tender-daisya_inside.png							
SetTextureCoordinates,	0	,	0	,	1		
SetTextureCoordinates,	1	,	0	,	0		
SetTextureCoordinates,	2	,	1	,	0		
SetTextureCoordinates,	3	,	1	,	1		
;テンダー連結器			縦	0.85	m		
;開始位置	-8.97	m	1.25	m左右			
CreateMeshBuilder							
Addvertex,	-1.25	,	0.2	,	-8.97		
Addvertex,	-1.25	,	1.05	,	-8.97		
Addvertex,	1.25	,	1.05	,	-8.97		
Addvertex,	1.25	,	0.2	,	-8.97		
AddFace2,0,1,2,3							
GenerateNormals							
LoadTexture ,tender/tender-rear-coupler.png							
SetTextureCoordinates,	0	,	0	,	1		
SetTextureCoordinates,	1	,	0	,	0		
SetTextureCoordinates,	2	,	1	,	0		
SetTextureCoordinates,	3	,	1	,	1		
;前照灯	半径	0.2	m	奥行き	0.22	m	
;開始位置:	9.11						
CreateMeshBuilder							
Cylinder,	16	,	0.2	,	0.2	,	0.22
SetColor,	46	,	54	,	60		
Rotate,	1	,	0	,	0	,	90
Translate,	0	,	3.51	,	9.22		
CreateMeshBuilder							
Addvertex,	0.2	,	3.31	,	9.331		
Addvertex,	0.2	,	3.71	,	9.331		
Addvertex,	-0.2	,	3.71	,	9.331		
Addvertex,	-0.2	,	3.31	,	9.331		
AddFace,0,1,2,3							
GenerateNormals							
LoadTexture ,boiler&cab/LP403_OFF.png							
SetTextureCoordinates,	0	,	0	,	1		
SetTextureCoordinates,	1	,	0	,	0		
SetTextureCoordinates,	2	,	1	,	0		
SetTextureCoordinates,	3	,	1	,	1		
;鉄板							
CreateMeshBuilder							
Addvertex,	0.1	,	3.309	,	9.22		
Addvertex,	0.1	,	3.309	,	9.11		
Addvertex,	-0.1	,	3.309	,	9.11		
Addvertex,	-0.1	,	3.309	,	9.22		
AddFace2,0,1,2,3							
GenerateNormals							
LoadTexture ,boiler&cab/hisasi-top-dark.png							
SetTextureCoordinates,	0	,	0	,	1		
SetTextureCoordinates,	1	,	0	,	0		
SetTextureCoordinates,	2	,	1	,	0		
SetTextureCoordinates,	3	,	1	,	1		
CreateMeshBuilder							
Addvertex,	0	,	3.18	,	9.11		
Addvertex,	0	,	3.31	,	9.11		
Addvertex,	0	,	3.31	,	9.22		
AddFace2,0,1,2							
GenerateNormals							
LoadTexture ,boiler&cab/hisasi-top-dark.png							
SetTextureCoordinates,	0	,	0	,	1		
SetTextureCoordinates,	1	,	1	,	0		
SetTextureCoordinates,	2	,	1	,	1		
;副灯シールドビーム	半径	0.1	m	奥行き	0.03	m	
;開始位置:	9.11	X軸移動	0.585	m	高さ:	3.38	m
;絞り	0.98						
CreateMeshBuilder							
Cylinder,	16	,	0.1	,	0.098	,	0.03
SetColor,	46	,	54	,	60		
Rotate,	1	,	0	,	0	,	90
Translate,	0.585	,	3.38	,	9.22		
;絞り1	絞り	0.9		奥行き	0.04	m	
CreateMeshBuilder							
Cylinder,	16	,	0.098	,	0.0882	,	0.04
SetColor,	46	,	54	,	60		
Rotate,	1	,	0	,	0	,	90
Translate,	0.585	,	3.38	,	9.185		
;絞り1	絞り	0.6		奥行き	0.06	m	
CreateMeshBuilder							
Cylinder,	16	,	0.0882	,	0.05292	,	0.06
SetColor,	46	,	54	,	60		
Rotate,	1	,	0	,	0	,	90
Translate,	0.585	,	3.38	,	9.135		
;絞り1	絞り	0		奥行き	0.06	m	
CreateMeshBuilder							
Cylinder,	16	,	0.05292	,	0	,	0.06
SetColor,	46	,	54	,	60		
Rotate,	1	,	0	,	0	,	90
Translate,	0.585	,	3.38	,	9.075		
;シールドビーム							
CreateMeshBuilder							
Addvertex,	0.685	,	3.28	,	9.236		
Addvertex,	0.685	,	3.48	,	9.236		
Addvertex,	0.485	,	3.48	,	9.236		
Addvertex,	0.485	,	3.28	,	9.236		
AddFace,0,1,2,3							
GenerateNormals							
LoadTexture ,boiler&cab/LP405.png							
SetTextureCoordinates,	0	,	0	,	1		
SetTextureCoordinates,	1	,	0	,	0		
SetTextureCoordinates,	2	,	1	,	0		
SetTextureCoordinates,	3	,	1	,	1		
							
;鉄板							
CreateMeshBuilder							
Addvertex,	0.685	,	3.28	,	9.22		
Addvertex,	0.685	,	3.28	,	9.11		
Addvertex,	0.485	,	3.28	,	9.11		
Addvertex,	0.485	,	3.28	,	9.22		
AddFace2,0,1,2,3							
GenerateNormals							
LoadTexture ,boiler&cab/hisasi-top-dark.png							
SetTextureCoordinates,	0	,	0	,	1		
SetTextureCoordinates,	1	,	0	,	0		
SetTextureCoordinates,	2	,	1	,	0		
SetTextureCoordinates,	3	,	1	,	1		
CreateMeshBuilder							
Addvertex,	0.585	,	3.18	,	9.11		
Addvertex,	0.585	,	3.28	,	9.11		
Addvertex,	0.585	,	3.28	,	9.22		
AddFace2,0,1,2							
GenerateNormals							
LoadTexture ,boiler&cab/hisasi-top-dark.png							
SetTextureCoordinates,	0	,	0	,	1		
SetTextureCoordinates,	1	,	1	,	0		
SetTextureCoordinates,	2	,	1	,	1		
							
;前照灯テンダー	半径	0.2	m	奥行き	0.22	m	
;開始位置:	-8.97	開始高さ	2.83				
CreateMeshBuilder							
Cylinder,	16	,	0.2	,	0.2	,	0.22
SetColor,	46	,	54	,	60		
Rotate,	1	,	0	,	0	,	90
Translate,	0	,	3.03	,	-9.08		
CreateMeshBuilder							
Addvertex,	-0.2	,	2.83	,	-9.191		
Addvertex,	-0.2	,	3.23	,	-9.191		
Addvertex,	0.2	,	3.23	,	-9.191		
Addvertex,	0.2	,	2.83	,	-9.191		
AddFace,0,1,2,3							
GenerateNormals							
LoadTexture ,boiler&cab/LP403_OFF.png							
SetTextureCoordinates,	0	,	0	,	1		
SetTextureCoordinates,	1	,	0	,	0		
SetTextureCoordinates,	2	,	1	,	0		
SetTextureCoordinates,	3	,	1	,	1		
;鉄板							
CreateMeshBuilder							
Addvertex,	-0.1	,	2.83	,	-8.97		
Addvertex,	-0.1	,	2.83	,	-9.08		
Addvertex,	0.1	,	2.83	,	-9.08		
Addvertex,	0.1	,	2.83	,	-8.97		
AddFace2,0,1,2,3							
GenerateNormals							
LoadTexture ,boiler&cab/hisasi-top-dark.png							
SetTextureCoordinates,	0	,	0	,	1		
SetTextureCoordinates,	1	,	0	,	0		
SetTextureCoordinates,	2	,	1	,	0		
SetTextureCoordinates,	3	,	1	,	1		
CreateMeshBuilder							
Addvertex,	0	,	2.7	,	-8.97		
Addvertex,	0	,	2.83	,	-8.97		
Addvertex,	0	,	2.83	,	-9.08		
AddFace2,0,1,2							
GenerateNormals							
LoadTexture ,boiler&cab/hisasi-top-dark.png							
SetTextureCoordinates,	0	,	0	,	1		
SetTextureCoordinates,	1	,	1	,	0		
SetTextureCoordinates,	2	,	1	,	1		
;加減弁	幅	5.1	縦	0.3	m		
;開始位置	5	m	0.6	m左			
CreateMeshBuilder							
Addvertex,	-0.6	,	3.2	,	4.55		
Addvertex,	-0.6	,	3.5	,	4.55		
Addvertex,	-0.6	,	3.5	,	-0.55		
Addvertex,	-0.6	,	3.2	,	-0.55		
AddFace2,0,1,2,3							
GenerateNormals							
LoadTexture ,boiler&cab/regulator.png							
SetTextureCoordinates,	0	,	0	,	1		
SetTextureCoordinates,	1	,	0	,	0		
SetTextureCoordinates,	2	,	1	,	0		
SetTextureCoordinates,	3	,	1	,	1		
;ブレーキパッド	幅	0.95	縦	1.3	m		
;開始位置	3.9	m	0.5835	m左			
CreateMeshBuilder							
Addvertex,	-0.5835	,	0.15	,	2.5		
Addvertex,	-0.5835	,	1.45	,	2.5		
Addvertex,	-0.5835	,	1.45	,	3.45		
Addvertex,	-0.5835	,	0.15	,	3.45		
AddFace2,0,1,2,3							
GenerateNormals							
LoadTexture ,dourin/blake-pad.png							
SetTextureCoordinates,	0	,	0	,	1		
SetTextureCoordinates,	1	,	0	,	0		
SetTextureCoordinates,	2	,	1	,	0		
SetTextureCoordinates,	3	,	1	,	1		
;開始位置	5.45	m	0.5835	m左			
CreateMeshBuilder							
Addvertex,	-0.5835	,	0.15	,	4.05		
Addvertex,	-0.5835	,	1.45	,	4.05		
Addvertex,	-0.5835	,	1.45	,	5		
Addvertex,	-0.5835	,	0.15	,	5		
AddFace2,0,1,2,3							
GenerateNormals							
LoadTexture ,dourin/blake-pad.png							
SetTextureCoordinates,	0	,	0	,	1		
SetTextureCoordinates,	1	,	0	,	0		
SetTextureCoordinates,	2	,	1	,	0		
SetTextureCoordinates,	3	,	1	,	1		
;開始位置	7	m	0.5835	m左			
CreateMeshBuilder							
Addvertex,	-0.5835	,	0.15	,	5.6		
Addvertex,	-0.5835	,	1.45	,	5.6		
Addvertex,	-0.5835	,	1.45	,	6.55		
Addvertex,	-0.5835	,	0.15	,	6.55		
AddFace2,0,1,2,3							
GenerateNormals							
LoadTexture ,dourin/blake-pad.png							
SetTextureCoordinates,	0	,	0	,	1		
SetTextureCoordinates,	1	,	0	,	0		
SetTextureCoordinates,	2	,	1	,	0		
SetTextureCoordinates,	3	,	1	,	1		
;開始位置	8.55	m	0.5835	m左			
CreateMeshBuilder							
Addvertex,	-0.5835	,	0.15	,	7.15		
Addvertex,	-0.5835	,	1.45	,	7.15		
Addvertex,	-0.5835	,	1.45	,	8.1		
Addvertex,	-0.5835	,	0.15	,	8.1		
AddFace2,0,1,2,3							
GenerateNormals							
LoadTexture ,dourin/blake-pad.png							
SetTextureCoordinates,	0	,	0	,	1		
SetTextureCoordinates,	1	,	0	,	0		
SetTextureCoordinates,	2	,	1	,	0		
SetTextureCoordinates,	3	,	1	,	1		
;開始位置	3.9	m	0.5835	m右			
CreateMeshBuilder							
Addvertex,	0.5835	,	0.15	,	2.5		
Addvertex,	0.5835	,	1.45	,	2.5		
Addvertex,	0.5835	,	1.45	,	3.45		
Addvertex,	0.5835	,	0.15	,	3.45		
AddFace2,0,1,2,3							
GenerateNormals							
LoadTexture ,dourin/blake-pad.png							
SetTextureCoordinates,	0	,	0	,	1		
SetTextureCoordinates,	1	,	0	,	0		
SetTextureCoordinates,	2	,	1	,	0		
SetTextureCoordinates,	3	,	1	,	1		
;開始位置	5.45	m	0.5835	m右			
CreateMeshBuilder							
Addvertex,	0.5835	,	0.15	,	4.05		
Addvertex,	0.5835	,	1.45	,	4.05		
Addvertex,	0.5835	,	1.45	,	5		
Addvertex,	0.5835	,	0.15	,	5		
AddFace2,0,1,2,3							
GenerateNormals							
LoadTexture ,dourin/blake-pad.png							
SetTextureCoordinates,	0	,	0	,	1		
SetTextureCoordinates,	1	,	0	,	0		
SetTextureCoordinates,	2	,	1	,	0		
SetTextureCoordinates,	3	,	1	,	1		
;開始位置	7	m	0.5835	m右			
CreateMeshBuilder							
Addvertex,	0.5835	,	0.15	,	5.6		
Addvertex,	0.5835	,	1.45	,	5.6		
Addvertex,	0.5835	,	1.45	,	6.55		
Addvertex,	0.5835	,	0.15	,	6.55		
AddFace2,0,1,2,3							
GenerateNormals							
LoadTexture ,dourin/blake-pad.png							
SetTextureCoordinates,	0	,	0	,	1		
SetTextureCoordinates,	1	,	0	,	0		
SetTextureCoordinates,	2	,	1	,	0		
SetTextureCoordinates,	3	,	1	,	1		
;開始位置	8.55	m	0.5835	m右			
CreateMeshBuilder							
Addvertex,	0.5835	,	0.15	,	7.15		
Addvertex,	0.5835	,	1.45	,	7.15		
Addvertex,	0.5835	,	1.45	,	8.1		
Addvertex,	0.5835	,	0.15	,	8.1		
AddFace2,0,1,2,3							
GenerateNormals							
LoadTexture ,dourin/blake-pad.png							
SetTextureCoordinates,	0	,	0	,	1		
SetTextureCoordinates,	1	,	0	,	0		
SetTextureCoordinates,	2	,	1	,	0		
SetTextureCoordinates,	3	,	1	,	1		
;先輪台枠	幅	0.95	縦	0.9	m		
;開始位置	10	m	0.3835	m左			
CreateMeshBuilder							
Addvertex,	-0.3835	,	0.88	,	9.55		
Addvertex,	-0.3835	,	1.78	,	9.55		
Addvertex,	-0.3835	,	1.78	,	8.6		
Addvertex,	-0.3835	,	0.88	,	8.6		
AddFace2,0,1,2,3							
GenerateNormals							
LoadTexture ,dourin/senrin-daiwaku.png							
SetTextureCoordinates,	0	,	0	,	1		
SetTextureCoordinates,	1	,	0	,	0		
SetTextureCoordinates,	2	,	1	,	0		
SetTextureCoordinates,	3	,	1	,	1		
CreateMeshBuilder							
Addvertex,	0.3835	,	0.88	,	9.55		
Addvertex,	0.3835	,	1.78	,	9.55		
Addvertex,	0.3835	,	1.78	,	8.6		
Addvertex,	0.3835	,	0.88	,	8.6		
AddFace2,0,1,2,3							
GenerateNormals							
LoadTexture ,dourin/senrin-daiwaku.png							
SetTextureCoordinates,	0	,	0	,	1		
SetTextureCoordinates,	1	,	0	,	0		
SetTextureCoordinates,	2	,	1	,	0		
SetTextureCoordinates,	3	,	1	,	1		
;安全弁	半径	0.1	m	高さ	0.03	m	
;開始位置:	2.55	X軸移動	0	m	Y軸移動	3.31	m
CreateMeshBuilder							
Cylinder,	8	,	0.05	,	0.05	,	0.04
SetColor,	167	,	127	,	65		
Translate,	0	,	3.33	,	2.1		
CreateMeshBuilder							
Cylinder,	8	,	0.045	,	0.05	,	0.03
SetColor,	167	,	127	,	65		
Translate,	0	,	3.36	,	2.1		
CreateMeshBuilder							
Cylinder,	8	,	0.045	,	0.045	,	0.125
SetColor,	167	,	127	,	65		
Translate,	0	,	3.4325	,	2.1		
CreateMeshBuilder							
Cylinder,	8	,	0.05	,	0.05	,	0.025
SetColor,	167	,	127	,	65		
Translate,	0	,	3.5075	,	2.1		
CreateMeshBuilder							
Cylinder,	8	,	0.055	,	0.05	,	0.025
SetColor,	167	,	127	,	65		
Translate,	0	,	3.5325	,	2.1		
CreateMeshBuilder							
Cylinder,	8	,	0.055	,	0.055	,	0.025
SetColor,	167	,	127	,	65		
Translate,	0	,	3.5575	,	2.1		
CreateMeshBuilder							
Cylinder,	8	,	0.01	,	0.01	,	0.01
SetColor,	167	,	127	,	65		
Translate,	0	,	3.575	,	2.1		
;安全弁	半径	0.1	m	高さ	0.03	m	
;開始位置:	2.75	X軸移動	0	m	Y軸移動	3.31	m
CreateMeshBuilder							
Cylinder,	8	,	0.05	,	0.05	,	0.04
SetColor,	167	,	127	,	65		
Translate,	0	,	3.33	,	2.3		
CreateMeshBuilder							
Cylinder,	8	,	0.045	,	0.05	,	0.03
SetColor,	167	,	127	,	65		
Translate,	0	,	3.36	,	2.3		
CreateMeshBuilder							
Cylinder,	8	,	0.045	,	0.045	,	0.125
SetColor,	167	,	127	,	65		
Translate,	0	,	3.4325	,	2.3		
CreateMeshBuilder							
Cylinder,	8	,	0.05	,	0.05	,	0.025
SetColor,	167	,	127	,	65		
Translate,	0	,	3.5075	,	2.3		
CreateMeshBuilder							
Cylinder,	8	,	0.055	,	0.05	,	0.025
SetColor,	167	,	127	,	65		
Translate,	0	,	3.5325	,	2.3		
CreateMeshBuilder							
Cylinder,	8	,	0.055	,	0.055	,	0.025
SetColor,	167	,	127	,	65		
Translate,	0	,	3.5575	,	2.3		
CreateMeshBuilder							
Cylinder,	8	,	0.01	,	0.01	,	0.01
SetColor,	167	,	127	,	65		
Translate,	0	,	3.575	,	2.3		
							